id,Limit_bal,Age,Total_Credit_Cards,Total_visits_bank,Total_visits_online,Total_calls_made,Gender,L2,L1,L3,L5,L4,Married,Single,Others,Cluster
0,0.016129032258064516,0.05555555555555558,0.1111111111111111,0.2,0.06666666666666667,0.0,0,0,1.0,0,0,0,1.0,0,0,2
1,0.1774193548387097,0.09259259259259262,0.2222222222222222,0.0,0.6666666666666666,0.9,0,0,1.0,0,0,0,0,0,1.0,0
2,0.12903225806451613,0.2407407407407407,0.6666666666666665,0.2,0.2,0.4,0,0,1.0,0,0,0,0,0,1.0,0
3,0.06451612903225806,0.6666666666666667,0.5555555555555556,0.0,0.8,0.30000000000000004,1.0,0,1.0,0,0,0,1.0,0,0,2
4,0.06451612903225806,0.2962962962962963,0.2222222222222222,0.0,0.06666666666666667,0.8,1.0,1.0,0,0,0,0,0,0,1.0,1
5,0.7903225806451613,0.14814814814814814,0.4444444444444445,0.0,0.7333333333333333,0.2,1.0,1.0,0,0,0,0,0,0,1.0,1
6,0.14516129032258063,0.03703703703703709,0.2222222222222222,0.0,0.06666666666666667,0.1,0,0,1.0,0,0,0,0,0,1.0,0
7,0.2096774193548387,0.12962962962962965,0.1111111111111111,0.0,0.13333333333333333,0.2,0,0,0,1.0,0,0,1.0,0,0,0
8,0.016129032258064516,0.2592592592592593,0.3333333333333333,0.0,0.06666666666666667,0.7000000000000001,1.0,0,0,1.0,0,0,0,0,1.0,0
9,0.3064516129032258,0.2407407407407407,0.3333333333333333,0.0,0.3333333333333333,0.5,0,0,0,1.0,0,0,0,0,1.0,0
10,1.0,0.37037037037037035,0.0,0.4,0.3333333333333333,0.9,0,0,1.0,0,0,0,0,0,1.0,0
11,0.0967741935483871,0.16666666666666674,0.0,0.2,0.3333333333333333,0.6000000000000001,1.0,0,1.0,0,0,0,0,0,1.0,0
12,0.3870967741935484,0.14814814814814814,0.1111111111111111,0.4,0.26666666666666666,0.6000000000000001,1.0,1.0,0,0,0,0,0,0,1.0,1
13,0.5645161290322581,0.5185185185185185,0.1111111111111111,0.4,0.13333333333333333,0.7000000000000001,0,1.0,0,0,0,0,1.0,0,0,0
14,0.2741935483870968,0.14814814814814814,0.3333333333333333,0.2,0.3333333333333333,0.8,0,1.0,0,0,0,0,0,0,1.0,1
15,0.1935483870967742,0.33333333333333337,0.2222222222222222,0.4,0.3333333333333333,0.5,0,0,0,1.0,0,0,0,0,1.0,0
16,0.1774193548387097,0.33333333333333337,0.1111111111111111,0.0,0.2,0.7000000000000001,0,0,1.0,0,0,0,1.0,0,0,2
17,0.0967741935483871,0.09259259259259262,0.3333333333333333,0.2,0.26666666666666666,0.6000000000000001,0,0,1.0,0,0,0,0,0,1.0,0
18,0.7096774193548387,0.35185185185185186,0.0,0.2,0.2,0.4,0,1.0,0,0,0,0,1.0,0,0,0
19,0.12903225806451613,0.03703703703703709,0.1111111111111111,0.0,0.13333333333333333,1.0,1.0,1.0,0,0,0,0,0,0,1.0,1
20,0.06451612903225806,0.03703703703703709,0.0,0.2,0.3333333333333333,1.0,1.0,0,0,1.0,0,0,0,0,1.0,0
21,0.08064516129032258,0.11111111111111116,0.2222222222222222,0.0,0.3333333333333333,0.9,1.0,1.0,0,0,0,0,0,0,1.0,1
22,0.06451612903225806,0.16666666666666674,0.1111111111111111,0.4,0.13333333333333333,1.0,0,0,0,1.0,0,0,0,0,1.0,0
23,0.06451612903225806,0.4814814814814815,0.1111111111111111,0.0,0.26666666666666666,0.6000000000000001,0,0,0,1.0,0,0,1.0,0,0,0
24,0.06451612903225806,0.09259259259259262,0.3333333333333333,0.0,0.26666666666666666,0.7000000000000001,1.0,1.0,0,0,0,0,0,0,1.0,1
25,0.3548387096774194,0.11111111111111116,0.2222222222222222,0.2,0.3333333333333333,0.4,0,1.0,0,0,0,0,0,0,1.0,1
26,0.14516129032258063,0.20370370370370372,0.0,0.0,0.3333333333333333,1.0,1.0,1.0,0,0,0,0,0,0,1.0,1
27,0.7903225806451613,0.6111111111111112,0.0,0.0,0.3333333333333333,0.6000000000000001,0,0,1.0,0,0,0,1.0,0,0,2
28,0.24193548387096775,0.16666666666666674,0.1111111111111111,0.0,0.26666666666666666,0.4,1.0,1.0,0,0,0,0,0,0,1.0,1
29,0.43548387096774194,0.35185185185185186,0.2222222222222222,0.2,0.26666666666666666,1.0,1.0,0,1.0,0,0,0,1.0,0,0,2
30,0.08064516129032258,0.018518518518518545,0.1111111111111111,0.0,0.26666666666666666,0.6000000000000001,0,0,1.0,0,0,0,0,0,1.0,0
31,0.43548387096774194,0.18518518518518523,0.1111111111111111,0.4,0.26666666666666666,0.9,1.0,1.0,0,0,0,0,0,0,1.0,1
32,0.5645161290322581,0.2222222222222222,0.3333333333333333,0.4,0.3333333333333333,0.9,1.0,1.0,0,0,0,0,0,0,1.0,1
33,0.0967741935483871,0.07407407407407407,0.0,0.2,0.13333333333333333,0.7000000000000001,0,1.0,0,0,0,0,0,0,1.0,1
34,0.2096774193548387,0.2962962962962963,0.1111111111111111,0.0,0.26666666666666666,0.4,0,0,1.0,0,0,0,1.0,0,0,2
35,0.04838709677419355,0.16666666666666674,0.3333333333333333,0.4,0.26666666666666666,0.5,0,1.0,0,0,0,0,0,0,1.0,1
36,0.3225806451612903,0.14814814814814814,0.3333333333333333,0.2,0.26666666666666666,0.9,1.0,1.0,0,0,0,0,0,0,1.0,1
37,0.016129032258064516,0.05555555555555558,0.2222222222222222,0.4,0.13333333333333333,0.6000000000000001,1.0,1.0,0,0,0,0,0,0,1.0,1
38,0.14516129032258063,0.40740740740740744,0.1111111111111111,0.2,0.3333333333333333,0.5,0,0,0,1.0,0,0,0,1.0,0,0
39,0.4838709677419355,0.5185185185185185,0.1111111111111111,0.2,0.3333333333333333,0.8,0,0,1.0,0,0,0,1.0,0,0,2
40,0.2741935483870968,0.07407407407407407,0.2222222222222222,0.0,0.3333333333333333,0.9,0,1.0,0,0,0,0,0,0,1.0,1
41,0.22580645161290325,0.14814814814814814,0.1111111111111111,0.0,0.26666666666666666,0.9,0,1.0,0,0,0,0,0,0,1.0,1
42,0.7903225806451613,0.4444444444444444,0.0,0.4,0.13333333333333333,0.4,0,1.0,0,0,0,0,1.0,0,0,0
43,0.3064516129032258,0.2407407407407407,0.0,0.0,0.26666666666666666,0.7000000000000001,0,1.0,0,0,0,0,0,0,1.0,1
44,0.06451612903225806,0.14814814814814814,0.0,0.0,0.13333333333333333,0.4,1.0,1.0,0,0,0,0,0,0,1.0,1
45,0.06451612903225806,0.462962962962963,0.2222222222222222,0.0,0.26666666666666666,0.6000000000000001,0,0,1.0,0,0,0,1.0,0,0,2
46,0.1935483870967742,0.5555555555555556,0.0,0.0,0.3333333333333333,0.9,0,0,1.0,0,0,0,1.0,0,0,2
47,0.3064516129032258,0.6666666666666667,0.0,0.2,0.26666666666666666,0.4,1.0,1.0,0,0,0,0,1.0,0,0,0
48,0.0,0.6481481481481481,0.1111111111111111,0.0,0.2,0.6000000000000001,1.0,0,1.0,0,0,0,1.0,0,0,2
49,0.3225806451612903,0.16666666666666674,0.3333333333333333,0.4,0.13333333333333333,0.6000000000000001,0,1.0,0,0,0,0,0,0,1.0,1
50,0.1935483870967742,0.14814814814814814,0.0,0.4,0.26666666666666666,1.0,0,0,0,1.0,0,0,0,0,1.0,0
51,0.016129032258064516,0.018518518518518545,0.0,0.4,0.2,0.7000000000000001,1.0,0,0,0,0,1.0,0,0,1.0,1
52,0.5,0.14814814814814814,0.2222222222222222,0.4,0.13333333333333333,0.7000000000000001,1.0,0,1.0,0,0,0,0,0,1.0,0
53,0.3064516129032258,0.20370370370370372,0.2222222222222222,0.2,0.13333333333333333,0.6000000000000001,0,0,1.0,0,0,0,1.0,0,0,2
54,0.45161290322580644,0.2962962962962963,0.2222222222222222,0.2,0.2,0.6000000000000001,0,1.0,0,0,0,0,0,0,1.0,1
55,0.016129032258064516,0.05555555555555558,0.2222222222222222,0.2,0.26666666666666666,0.6000000000000001,1.0,0,1.0,0,0,0,0,0,1.0,0
56,0.06451612903225806,0.07407407407407407,0.0,0.4,0.26666666666666666,0.6000000000000001,1.0,0,0,1.0,0,0,0,0,1.0,0
57,0.467741935483871,0.4444444444444444,0.2222222222222222,0.2,0.26666666666666666,0.4,0,1.0,0,0,0,0,1.0,0,0,0
58,0.03225806451612903,0.018518518518518545,0.1111111111111111,0.0,0.26666666666666666,1.0,0,0,1.0,0,0,0,0,0,1.0,0
59,0.3709677419354839,0.42592592592592593,0.0,0.2,0.13333333333333333,0.7000000000000001,0,0,1.0,0,0,0,0,0,1.0,0
60,0.7419354838709677,0.2222222222222222,0.1111111111111111,0.4,0.26666666666666666,0.8,0,0,0,1.0,0,0,0,1.0,0,0
61,0.5645161290322581,0.09259259259259262,0.2222222222222222,0.2,0.3333333333333333,0.5,0,1.0,0,0,0,0,0,0,1.0,1
62,0.08064516129032258,0.16666666666666674,0.0,0.2,0.13333333333333333,0.5,1.0,0,0,1.0,0,0,0,0,1.0,0
63,0.6290322580645161,0.42592592592592593,0.2222222222222222,0.2,0.26666666666666666,0.6000000000000001,0,0,1.0,0,0,0,1.0,0,0,2
64,0.06451612903225806,0.5185185185185185,0.2222222222222222,0.4,0.26666666666666666,0.5,0,0,0,1.0,0,0,0,0,1.0,0
65,0.24193548387096775,0.2222222222222222,0.0,0.2,0.26666666666666666,0.5,1.0,0,1.0,0,0,0,0,0,1.0,0
66,0.5645161290322581,0.4444444444444444,0.3333333333333333,0.2,0.2,0.7000000000000001,0,1.0,0,0,0,0,1.0,0,0,0
67,0.24193548387096775,0.20370370370370372,0.3333333333333333,0.2,0.13333333333333333,0.5,0,0,1.0,0,0,0,0,0,1.0,0
68,0.1935483870967742,0.2592592592592593,0.0,0.2,0.26666666666666666,0.8,0,1.0,0,0,0,0,1.0,0,0,0
69,0.016129032258064516,0.42592592592592593,0.3333333333333333,0.4,0.26666666666666666,0.8,1.0,0,0,1.0,0,0,0,0,1.0,0
70,0.3064516129032258,0.5925925925925926,0.1111111111111111,0.2,0.26666666666666666,0.6000000000000001,1.0,1.0,0,0,0,0,1.0,0,0,0
71,0.43548387096774194,0.33333333333333337,0.0,0.2,0.13333333333333333,1.0,0,1.0,0,0,0,0,0,0,1.0,1
72,0.14516129032258063,0.11111111111111116,0.0,0.2,0.26666666666666666,0.6000000000000001,0,1.0,0,0,0,0,0,0,1.0,1
73,0.24193548387096775,0.2962962962962963,0.0,0.4,0.3333333333333333,0.7000000000000001,0,0,1.0,0,0,0,1.0,0,0,2
74,0.08064516129032258,0.03703703703703709,0.1111111111111111,0.4,0.26666666666666666,0.4,0,0,1.0,0,0,0,0,0,1.0,0
75,0.12903225806451613,0.2592592592592593,0.0,0.4,0.3333333333333333,0.7000000000000001,1.0,0,1.0,0,0,0,0,0,1.0,0
76,0.5645161290322581,0.40740740740740744,0.2222222222222222,0.4,0.2,0.6000000000000001,1.0,1.0,0,0,0,0,1.0,0,0,0
77,0.22580645161290325,0.11111111111111116,0.1111111111111111,0.0,0.3333333333333333,0.4,1.0,1.0,0,0,0,0,0,0,1.0,1
78,0.06451612903225806,0.018518518518518545,0.0,0.2,0.26666666666666666,0.9,0,0,0,1.0,0,0,1.0,0,0,0
79,0.016129032258064516,0.3148148148148149,0.1111111111111111,0.2,0.26666666666666666,0.6000000000000001,1.0,0,1.0,0,0,0,1.0,0,0,2
80,0.2096774193548387,0.20370370370370372,0.0,0.0,0.3333333333333333,0.6000000000000001,1.0,1.0,0,0,0,0,0,0,1.0,1
81,0.5967741935483871,0.16666666666666674,0.0,0.2,0.3333333333333333,0.9,0,1.0,0,0,0,0,0,0,1.0,1
82,0.7580645161290323,0.7777777777777777,0.3333333333333333,0.2,0.3333333333333333,1.0,1.0,1.0,0,0,0,0,1.0,0,0,0
83,0.06451612903225806,0.018518518518518545,0.0,0.0,0.2,0.7000000000000001,0,0,0,1.0,0,0,0,0,1.0,0
84,0.08064516129032258,0.09259259259259262,0.1111111111111111,0.2,0.13333333333333333,1.0,0,0,1.0,0,0,0,0,0,1.0,0
85,0.0967741935483871,0.05555555555555558,0.1111111111111111,0.2,0.26666666666666666,0.9,0,0,1.0,0,0,0,0,0,1.0,0
86,0.11290322580645161,0.2777777777777778,0.1111111111111111,0.2,0.3333333333333333,0.5,0,0,1.0,0,0,0,1.0,0,0,2
87,0.5483870967741935,0.5740740740740741,0.1111111111111111,0.4,0.13333333333333333,0.6000000000000001,1.0,1.0,0,0,0,0,0,0,1.0,1
88,0.1935483870967742,0.3148148148148149,0.2222222222222222,0.4,0.13333333333333333,0.6000000000000001,1.0,0,1.0,0,0,0,0,0,1.0,0
89,0.5645161290322581,0.2592592592592593,0.3333333333333333,0.4,0.2,0.8,1.0,0,1.0,0,0,0,1.0,0,0,2
90,0.5161290322580645,0.18518518518518523,0.3333333333333333,0.4,0.2,0.5,0,1.0,0,0,0,0,1.0,0,0,0
91,0.06451612903225806,0.4814814814814815,0.1111111111111111,0.0,0.26666666666666666,0.9,1.0,0,0,1.0,0,0,1.0,0,0,0
92,0.43548387096774194,0.37037037037037035,0.3333333333333333,0.2,0.2,1.0,1.0,0,1.0,0,0,0,1.0,0,0,2
93,0.14516129032258063,0.05555555555555558,0.3333333333333333,0.2,0.13333333333333333,0.4,0,1.0,0,0,0,0,0,0,1.0,1
94,0.06451612903225806,0.37037037037037035,0.3333333333333333,0.0,0.2,0.6000000000000001,1.0,0,1.0,0,0,0,0,0,1.0,0
95,0.03225806451612903,0.05555555555555558,0.1111111111111111,0.4,0.2,0.7000000000000001,1.0,1.0,0,0,0,0,0,0,1.0,1
96,0.3709677419354839,0.12962962962962965,0.0,0.0,0.13333333333333333,0.7000000000000001,1.0,1.0,0,0,0,0,0,0,1.0,1
97,0.11290322580645161,0.09259259259259262,0.3333333333333333,0.0,0.26666666666666666,0.7000000000000001,1.0,0,1.0,0,0,0,0,0,1.0,0
98,0.6290322580645161,0.2407407407407407,0.2222222222222222,0.2,0.26666666666666666,0.5,1.0,0,1.0,0,0,0,1.0,0,0,2
99,0.3709677419354839,0.3148148148148149,0.2222222222222222,0.0,0.26666666666666666,0.9,0,0,1.0,0,0,0,0,0,1.0,0
100,0.06451612903225806,0.2962962962962963,0.3333333333333333,0.4,0.26666666666666666,0.6000000000000001,1.0,0,0,1.0,0,0,0,0,1.0,0
101,0.7096774193548387,0.35185185185185186,0.2222222222222222,0.0,0.3333333333333333,1.0,1.0,1.0,0,0,0,0,1.0,0,0,0
102,0.16129032258064518,0.5,0.1111111111111111,0.4,0.13333333333333333,0.4,0,1.0,0,0,0,0,1.0,0,0,0
103,0.4838709677419355,0.2592592592592593,0.0,0.2,0.26666666666666666,0.8,0,0,1.0,0,0,0,1.0,0,0,2
104,0.016129032258064516,0.11111111111111116,0.1111111111111111,0.4,0.2,0.7000000000000001,1.0,1.0,0,0,0,0,0,0,1.0,1
105,0.016129032258064516,0.03703703703703709,0.1111111111111111,0.2,0.3333333333333333,0.5,1.0,0,1.0,0,0,0,0,0,1.0,0
106,0.3064516129032258,0.5740740740740741,0.3333333333333333,0.2,0.26666666666666666,0.9,1.0,0,0,1.0,0,0,0,0,1.0,0
107,0.2741935483870968,0.2777777777777778,0.2222222222222222,0.4,0.2,0.9,1.0,1.0,0,0,0,0,1.0,0,0,0
108,0.06451612903225806,0.5555555555555556,0.3333333333333333,0.2,0.3333333333333333,0.4,1.0,0,1.0,0,0,0,1.0,0,0,2
109,0.08064516129032258,0.6296296296296295,0.2222222222222222,0.2,0.26666666666666666,0.6000000000000001,1.0,0,0,1.0,0,0,1.0,0,0,0
110,0.03225806451612903,0.03703703703703709,0.2222222222222222,0.2,0.3333333333333333,0.6000000000000001,0,1.0,0,0,0,0,0,0,1.0,1
111,0.3709677419354839,0.37037037037037035,0.2222222222222222,0.0,0.13333333333333333,0.5,1.0,1.0,0,0,0,0,0,0,1.0,1
112,0.6612903225806451,0.2407407407407407,0.3333333333333333,0.0,0.13333333333333333,0.6000000000000001,1.0,0,1.0,0,0,0,1.0,0,0,2
113,0.5161290322580645,0.462962962962963,0.2222222222222222,0.2,0.3333333333333333,0.9,1.0,0,0,1.0,0,0,1.0,0,0,0
114,0.03225806451612903,0.018518518518518545,0.3333333333333333,0.2,0.3333333333333333,0.7000000000000001,0,0,1.0,0,0,0,0,0,1.0,0
115,0.3709677419354839,0.2407407407407407,0.2222222222222222,0.4,0.2,0.6000000000000001,1.0,0,1.0,0,0,0,1.0,0,0,2
116,0.22580645161290325,0.11111111111111116,0.2222222222222222,0.0,0.13333333333333333,0.8,1.0,1.0,0,0,0,0,0,0,1.0,1
117,0.3225806451612903,0.2222222222222222,0.1111111111111111,0.0,0.3333333333333333,0.8,0,0,1.0,0,0,0,1.0,0,0,2
118,0.06451612903225806,0.5555555555555556,0.0,0.2,0.3333333333333333,0.9,0,0,0,1.0,0,0,1.0,0,0,0
119,0.06451612903225806,0.05555555555555558,0.0,0.0,0.2,1.0,1.0,1.0,0,0,0,0,0,0,1.0,1
120,0.3709677419354839,0.4814814814814815,0.2222222222222222,0.0,0.13333333333333333,0.8,1.0,1.0,0,0,0,0,0,0,1.0,1
121,0.2741935483870968,0.12962962962962965,0.1111111111111111,0.0,0.26666666666666666,0.5,1.0,0,1.0,0,0,0,0,0,1.0,0
122,0.06451612903225806,0.03703703703703709,0.3333333333333333,0.2,0.26666666666666666,0.8,1.0,0,1.0,0,0,0,0,0,1.0,0
123,0.25806451612903225,0.14814814814814814,0.1111111111111111,0.2,0.3333333333333333,0.4,1.0,0,1.0,0,0,0,0,0,1.0,0
124,0.016129032258064516,0.14814814814814814,0.3333333333333333,0.4,0.26666666666666666,0.8,1.0,1.0,0,0,0,0,0,0,1.0,1
125,0.06451612903225806,0.12962962962962965,0.2222222222222222,0.0,0.26666666666666666,0.4,1.0,1.0,0,0,0,0,0,0,1.0,1
126,0.25806451612903225,0.11111111111111116,0.1111111111111111,0.2,0.2,0.9,0,0,1.0,0,0,0,0,0,1.0,0
127,0.3064516129032258,0.2407407407407407,0.1111111111111111,0.4,0.3333333333333333,0.6000000000000001,1.0,1.0,0,0,0,0,0,0,1.0,1
128,0.11290322580645161,0.03703703703703709,0.0,0.4,0.13333333333333333,1.0,0,0,1.0,0,0,0,1.0,0,0,2
129,0.40322580645161293,0.7222222222222223,0.1111111111111111,0.2,0.13333333333333333,0.7000000000000001,0,1.0,0,0,0,0,1.0,0,0,0
130,0.2096774193548387,0.20370370370370372,0.2222222222222222,0.4,0.13333333333333333,0.9,1.0,0,1.0,0,0,0,1.0,0,0,2
131,0.11290322580645161,0.07407407407407407,0.0,0.2,0.26666666666666666,0.4,1.0,1.0,0,0,0,0,0,0,1.0,1
132,0.5483870967741935,0.37037037037037035,0.2222222222222222,0.4,0.13333333333333333,0.6000000000000001,1.0,1.0,0,0,0,0,0,0,1.0,1
133,0.43548387096774194,0.6481481481481481,0.3333333333333333,0.0,0.26666666666666666,0.6000000000000001,0,0,1.0,0,0,0,1.0,0,0,2
134,0.03225806451612903,0.09259259259259262,0.3333333333333333,0.4,0.2,1.0,0,0,0,1.0,0,0,0,0,1.0,0
135,0.2096774193548387,0.2407407407407407,0.0,0.2,0.26666666666666666,0.5,1.0,1.0,0,0,0,0,1.0,0,0,0
136,0.3064516129032258,0.2962962962962963,0.2222222222222222,0.4,0.3333333333333333,0.7000000000000001,0,1.0,0,0,0,0,0,0,1.0,1
137,0.3064516129032258,0.16666666666666674,0.0,0.4,0.3333333333333333,0.8,0,0,0,1.0,0,0,0,0,1.0,0
138,0.3225806451612903,0.4444444444444444,0.2222222222222222,0.4,0.3333333333333333,0.9,1.0,0,0,1.0,0,0,1.0,0,0,0
139,0.06451612903225806,0.6666666666666667,0.0,0.4,0.13333333333333333,0.4,1.0,0,0,1.0,0,0,1.0,0,0,0
140,0.03225806451612903,0.37037037037037035,0.0,0.0,0.2,1.0,1.0,1.0,0,0,0,0,0,0,1.0,1
141,0.06451612903225806,0.11111111111111116,0.2222222222222222,0.4,0.3333333333333333,0.5,1.0,0,1.0,0,0,0,0,0,1.0,0
142,0.45161290322580644,0.4814814814814815,0.1111111111111111,0.0,0.2,0.4,1.0,0,0,1.0,0,0,1.0,0,0,0
143,0.3870967741935484,0.2407407407407407,0.2222222222222222,0.0,0.3333333333333333,1.0,0,1.0,0,0,0,0,1.0,0,0,0
144,0.08064516129032258,0.462962962962963,0.3333333333333333,0.0,0.26666666666666666,0.8,0,0,1.0,0,0,0,1.0,0,0,2
145,0.16129032258064518,0.11111111111111116,0.0,0.0,0.26666666666666666,0.9,0,1.0,0,0,0,0,0,0,1.0,1
146,0.5806451612903226,0.537037037037037,0.3333333333333333,0.0,0.26666666666666666,0.7000000000000001,1.0,1.0,0,0,0,0,0,0,1.0,1
147,0.14516129032258063,0.11111111111111116,0.3333333333333333,0.4,0.2,0.6000000000000001,1.0,0,1.0,0,0,0,1.0,0,0,2
148,0.12903225806451613,0.2592592592592593,0.0,0.2,0.26666666666666666,0.9,0,0,1.0,0,0,0,1.0,0,0,2
149,0.06451612903225806,0.018518518518518545,0.2222222222222222,0.2,0.26666666666666666,0.7000000000000001,0,0,1.0,0,0,0,0,0,1.0,0
150,0.41935483870967744,0.2962962962962963,0.1111111111111111,0.2,0.13333333333333333,0.8,1.0,0,1.0,0,0,0,0,0,1.0,0
151,0.467741935483871,0.16666666666666674,0.1111111111111111,0.4,0.2,0.7000000000000001,0,1.0,0,0,0,0,0,0,1.0,1
152,0.06451612903225806,0.018518518518518545,0.1111111111111111,0.0,0.3333333333333333,0.6000000000000001,0,0,1.0,0,0,0,0,0,1.0,0
153,0.06451612903225806,0.05555555555555558,0.1111111111111111,0.2,0.3333333333333333,0.8,0,1.0,0,0,0,0,0,0,1.0,1
154,0.5645161290322581,0.14814814814814814,0.3333333333333333,0.2,0.13333333333333333,0.7000000000000001,1.0,1.0,0,0,0,0,0,0,1.0,1
155,0.1935483870967742,0.6481481481481481,0.0,0.0,0.13333333333333333,0.5,1.0,0,0,1.0,0,0,1.0,0,0,0
156,0.11290322580645161,0.16666666666666674,0.1111111111111111,0.4,0.13333333333333333,0.5,1.0,1.0,0,0,0,0,0,0,1.0,1
157,0.06451612903225806,0.16666666666666674,0.2222222222222222,0.0,0.26666666666666666,0.8,1.0,0,1.0,0,0,0,0,0,1.0,0
158,0.016129032258064516,0.018518518518518545,0.0,0.2,0.26666666666666666,0.7000000000000001,0,0,1.0,0,0,0,0,0,1.0,0
159,0.11290322580645161,0.14814814814814814,0.1111111111111111,0.4,0.2,0.4,0,0,1.0,0,0,0,1.0,0,0,2
160,0.3709677419354839,0.2962962962962963,0.0,0.0,0.2,0.5,1.0,1.0,0,0,0,0,0,0,1.0,1
161,0.11290322580645161,0.2592592592592593,0.2222222222222222,0.0,0.13333333333333333,1.0,0,0,0,1.0,0,0,0,0,1.0,0
162,0.7903225806451613,0.4814814814814815,0.2222222222222222,0.0,0.2,0.7000000000000001,0,1.0,0,0,0,0,1.0,0,0,0
163,0.08064516129032258,0.05555555555555558,0.0,0.4,0.3333333333333333,0.8,0,0,1.0,0,0,0,1.0,0,0,2
164,0.016129032258064516,0.07407407407407407,0.3333333333333333,0.0,0.13333333333333333,0.4,1.0,0,1.0,0,0,0,0,0,1.0,0
165,0.14516129032258063,0.3148148148148149,0.2222222222222222,0.0,0.26666666666666666,0.4,0,0,1.0,0,0,0,1.0,0,0,2
166,0.5645161290322581,0.20370370370370372,0.0,0.4,0.13333333333333333,0.6000000000000001,0,1.0,0,0,0,0,0,0,1.0,1
167,0.3064516129032258,0.4814814814814815,0.1111111111111111,0.4,0.2,0.8,0,0,0,1.0,0,0,0,0,1.0,0
168,0.1935483870967742,0.2407407407407407,0.1111111111111111,0.0,0.2,0.5,0,0,1.0,0,0,0,1.0,0,0,2
169,0.016129032258064516,0.18518518518518523,0.2222222222222222,0.4,0.2,0.5,0,0,1.0,0,0,0,0,0,1.0,0
170,0.4838709677419355,0.20370370370370372,0.2222222222222222,0.0,0.26666666666666666,1.0,1.0,1.0,0,0,0,0,0,0,1.0,1
171,0.08064516129032258,0.11111111111111116,0.1111111111111111,0.2,0.2,0.6000000000000001,0,1.0,0,0,0,0,0,0,1.0,1
172,0.2741935483870968,0.14814814814814814,0.2222222222222222,0.0,0.2,0.5,0,1.0,0,0,0,0,0,0,1.0,1
173,0.2741935483870968,0.05555555555555558,0.1111111111111111,0.4,0.3333333333333333,0.8,0,1.0,0,0,0,0,0,0,1.0,1
174,0.06451612903225806,0.2777777777777778,0.1111111111111111,0.0,0.26666666666666666,0.4,1.0,0,1.0,0,0,0,1.0,0,0,2
175,0.06451612903225806,0.05555555555555558,0.1111111111111111,0.2,0.26666666666666666,0.8,0,1.0,0,0,0,0,0,0,1.0,1
176,0.22580645161290325,0.2407407407407407,0.1111111111111111,0.0,0.13333333333333333,0.8,0,0,1.0,0,0,0,1.0,0,0,2
177,0.016129032258064516,0.018518518518518545,0.0,0.2,0.13333333333333333,0.7000000000000001,0,1.0,0,0,0,0,0,0,1.0,1
178,0.7903225806451613,0.2407407407407407,0.0,0.2,0.26666666666666666,0.7000000000000001,0,1.0,0,0,0,0,1.0,0,0,0
179,0.03225806451612903,0.018518518518518545,0.3333333333333333,0.4,0.26666666666666666,0.9,0,0,0,1.0,0,0,0,0,1.0,0
180,0.2741935483870968,0.3148148148148149,0.2222222222222222,0.0,0.13333333333333333,0.9,0,1.0,0,0,0,0,1.0,0,0,0
181,0.2096774193548387,0.18518518518518523,0.0,0.0,0.2,0.8,1.0,1.0,0,0,0,0,0,0,1.0,1
182,0.2096774193548387,0.09259259259259262,0.0,0.0,0.2,0.8,0,1.0,0,0,0,0,0,0,1.0,1
183,0.1774193548387097,0.09259259259259262,0.1111111111111111,0.0,0.2,0.7000000000000001,1.0,0,1.0,0,0,0,0,0,1.0,0
184,0.5645161290322581,0.5,0.1111111111111111,0.4,0.3333333333333333,0.5,0,0,1.0,0,0,0,1.0,0,0,2
185,0.016129032258064516,0.40740740740740744,0.0,0.0,0.3333333333333333,0.5,1.0,0,0,1.0,0,0,1.0,0,0,0
186,0.14516129032258063,0.4814814814814815,0.1111111111111111,0.2,0.13333333333333333,0.4,1.0,1.0,0,0,0,0,1.0,0,0,0
187,0.3225806451612903,0.37037037037037035,0.3333333333333333,0.4,0.26666666666666666,0.4,0,0,1.0,0,0,0,1.0,0,0,2
188,0.11290322580645161,0.05555555555555558,0.1111111111111111,0.0,0.2,0.9,0,0,1.0,0,0,0,0,0,1.0,0
189,0.5161290322580645,0.537037037037037,0.0,0.0,0.13333333333333333,0.9,0,1.0,0,0,0,0,1.0,0,0,0
190,0.33870967741935487,0.05555555555555558,0.3333333333333333,0.2,0.26666666666666666,0.6000000000000001,1.0,1.0,0,0,0,0,0,0,1.0,1
191,0.3225806451612903,0.3148148148148149,0.2222222222222222,0.2,0.3333333333333333,0.4,0,1.0,0,0,0,0,1.0,0,0,0
192,0.04838709677419355,0.40740740740740744,0.2222222222222222,0.2,0.2,0.4,0,0,0,1.0,0,0,1.0,0,0,0
193,0.03225806451612903,0.33333333333333337,0.0,0.0,0.13333333333333333,1.0,1.0,0,1.0,0,0,0,0,0,1.0,0
194,0.7419354838709677,0.11111111111111116,0.3333333333333333,0.2,0.26666666666666666,0.9,1.0,0,1.0,0,0,0,0,0,1.0,0
195,0.03225806451612903,0.38888888888888884,0.3333333333333333,0.0,0.26666666666666666,0.7000000000000001,1.0,0,0,1.0,0,0,1.0,0,0,0
196,0.3709677419354839,0.2777777777777778,0.2222222222222222,0.2,0.3333333333333333,0.4,0,0,1.0,0,0,0,1.0,0,0,2
197,0.11290322580645161,0.2777777777777778,0.3333333333333333,0.0,0.13333333333333333,0.5,1.0,0,1.0,0,0,0,0,0,1.0,0
198,0.4838709677419355,0.3148148148148149,0.1111111111111111,0.2,0.3333333333333333,0.8,0,1.0,0,0,0,0,0,0,1.0,1
199,0.5645161290322581,0.35185185185185186,0.0,0.0,0.2,1.0,0,1.0,0,0,0,0,1.0,0,0,0
200,0.5161290322580645,0.4444444444444444,0.1111111111111111,0.4,0.3333333333333333,0.6000000000000001,0,0,0,1.0,0,0,0,0,1.0,0
201,0.467741935483871,0.2592592592592593,0.3333333333333333,0.2,0.2,1.0,0,0,1.0,0,0,0,0,0,1.0,0
202,0.5,0.2222222222222222,0.1111111111111111,0.4,0.26666666666666666,1.0,0,0,1.0,0,0,0,0,0,1.0,0
203,0.06451612903225806,0.2962962962962963,0.3333333333333333,0.2,0.3333333333333333,0.9,0,0,0,1.0,0,0,0,0,1.0,0
204,0.25806451612903225,0.12962962962962965,0.3333333333333333,0.2,0.13333333333333333,0.5,0,1.0,0,0,0,0,0,0,1.0,1
205,0.5483870967741935,0.42592592592592593,0.0,0.4,0.26666666666666666,0.8,1.0,0,0,1.0,0,0,1.0,0,0,0
206,0.016129032258064516,0.2962962962962963,0.1111111111111111,0.4,0.2,0.8,1.0,0,1.0,0,0,0,1.0,0,0,2
207,0.06451612903225806,0.03703703703703709,0.6666666666666665,0.4,0.0,0.0,1.0,0,1.0,0,0,0,0,0,1.0,0
208,0.016129032258064516,0.05555555555555558,0.6666666666666665,0.4,0.06666666666666667,0.4,0,0,0,1.0,0,0,0,0,1.0,0
209,0.06451612903225806,0.05555555555555558,0.3333333333333333,1.0,0.0,0.2,0,1.0,0,0,0,0,0,0,1.0,1
210,0.016129032258064516,0.03703703703703709,0.5555555555555556,0.6000000000000001,0.13333333333333333,0.30000000000000004,1.0,0,1.0,0,0,0,0,0,1.0,0
211,0.06451612903225806,0.09259259259259262,0.4444444444444445,0.8,0.06666666666666667,0.0,1.0,0,1.0,0,0,0,1.0,0,0,2
212,0.2903225806451613,0.2407407407407407,0.6666666666666665,0.4,0.06666666666666667,0.0,1.0,0,1.0,0,0,0,0,0,1.0,0
213,0.08064516129032258,0.2222222222222222,0.5555555555555556,1.0,0.0,0.4,0,0,1.0,0,0,0,1.0,0,0,2
214,0.11290322580645161,0.2592592592592593,0.6666666666666665,0.8,0.0,0.0,1.0,1.0,0,0,0,0,0,0,1.0,1
215,0.22580645161290325,0.11111111111111116,0.6666666666666665,1.0,0.13333333333333333,0.30000000000000004,0,0,1.0,0,0,0,0,0,1.0,0
216,0.3225806451612903,0.18518518518518523,0.5555555555555556,0.8,0.0,0.4,0,1.0,0,0,0,0,0,0,1.0,1
217,0.3709677419354839,0.537037037037037,0.4444444444444445,0.4,0.13333333333333333,0.0,0,0,0,1.0,0,0,1.0,0,0,0
218,0.2096774193548387,0.37037037037037035,0.4444444444444445,0.4,0.0,0.0,0,0,1.0,0,0,0,0,1.0,0,2
219,0.08064516129032258,0.12962962962962965,0.3333333333333333,0.4,0.13333333333333333,0.1,0,1.0,0,0,0,0,0,0,1.0,1
220,0.06451612903225806,0.33333333333333337,0.3333333333333333,1.0,0.06666666666666667,0.30000000000000004,1.0,1.0,0,0,0,0,0,0,1.0,1
221,0.06451612903225806,0.11111111111111116,0.3333333333333333,0.6000000000000001,0.13333333333333333,0.4,0,0,1.0,0,0,0,0,0,1.0,0
222,0.2741935483870968,0.20370370370370372,0.5555555555555556,0.8,0.13333333333333333,0.1,0,1.0,0,0,0,0,0,0,1.0,1
223,0.03225806451612903,0.35185185185185186,0.6666666666666665,0.6000000000000001,0.13333333333333333,0.4,0,1.0,0,0,0,0,0,0,1.0,1
224,0.016129032258064516,0.35185185185185186,0.3333333333333333,0.4,0.06666666666666667,0.0,0,0,1.0,0,0,0,0,0,1.0,0
225,0.3870967741935484,1.0,0.3333333333333333,1.0,0.0,0.1,0,0,1.0,0,0,0,1.0,0,0,2
226,0.14516129032258063,0.11111111111111116,0.6666666666666665,0.6000000000000001,0.06666666666666667,0.2,0,0,1.0,0,0,0,0,0,1.0,0
227,0.5161290322580645,0.07407407407407407,0.5555555555555556,1.0,0.06666666666666667,0.0,1.0,1.0,0,0,0,0,0,0,1.0,1
228,0.06451612903225806,0.462962962962963,0.5555555555555556,1.0,0.13333333333333333,0.0,1.0,0,0,1.0,0,0,1.0,0,0,0
229,0.06451612903225806,0.09259259259259262,0.5555555555555556,0.6000000000000001,0.06666666666666667,0.4,0,0,1.0,0,0,0,0,0,1.0,0
230,0.03225806451612903,0.12962962962962965,0.5555555555555556,0.4,0.06666666666666667,0.2,1.0,0,1.0,0,0,0,0,0,1.0,0
231,0.2096774193548387,0.09259259259259262,0.3333333333333333,1.0,0.0,0.4,0,0,1.0,0,0,0,0,0,1.0,0
232,0.24193548387096775,0.12962962962962965,0.5555555555555556,0.4,0.06666666666666667,0.4,0,1.0,0,0,0,0,0,0,1.0,1
233,0.6290322580645161,0.14814814814814814,0.3333333333333333,0.6000000000000001,0.06666666666666667,0.0,0,0,1.0,0,0,0,0,0,1.0,0
234,0.06451612903225806,0.07407407407407407,0.4444444444444445,1.0,0.13333333333333333,0.30000000000000004,1.0,0,1.0,0,0,0,1.0,0,0,2
235,0.2096774193548387,0.5,0.6666666666666665,0.6000000000000001,0.06666666666666667,0.4,0,0,1.0,0,0,0,1.0,0,0,2
236,0.24193548387096775,0.2222222222222222,0.5555555555555556,0.8,0.13333333333333333,0.30000000000000004,0,0,1.0,0,0,0,1.0,0,0,2
237,0.14516129032258063,0.40740740740740744,0.5555555555555556,0.6000000000000001,0.13333333333333333,0.1,0,0,0,1.0,0,0,1.0,0,0,0
238,0.33870967741935487,0.5,0.3333333333333333,0.8,0.06666666666666667,0.4,1.0,1.0,0,0,0,0,1.0,0,0,0
239,0.8064516129032258,0.14814814814814814,0.3333333333333333,1.0,0.06666666666666667,0.0,0,1.0,0,0,0,0,0,0,1.0,1
240,0.06451612903225806,0.14814814814814814,0.4444444444444445,0.6000000000000001,0.0,0.4,1.0,0,1.0,0,0,0,0,0,1.0,0
241,0.24193548387096775,0.3148148148148149,0.4444444444444445,0.8,0.13333333333333333,0.1,0,1.0,0,0,0,0,1.0,0,0,0
242,0.3548387096774194,0.2962962962962963,0.3333333333333333,0.4,0.0,0.0,0,1.0,0,0,0,0,0,0,1.0,1
243,0.11290322580645161,0.2962962962962963,0.3333333333333333,0.8,0.06666666666666667,0.2,0,1.0,0,0,0,0,0,0,1.0,1
244,0.22580645161290325,0.07407407407407407,0.6666666666666665,0.8,0.13333333333333333,0.1,0,0,1.0,0,0,0,1.0,0,0,2
245,0.0,0.03703703703703709,0.6666666666666665,1.0,0.0,0.0,1.0,0,0,1.0,0,0,0,0,1.0,0
246,0.1935483870967742,0.5185185185185185,0.5555555555555556,0.8,0.0,0.1,0,0,0,1.0,0,0,0,0,1.0,0
247,0.04838709677419355,0.5,0.5555555555555556,1.0,0.0,0.0,0,1.0,0,0,0,0,0,0,1.0,1
248,0.06451612903225806,0.11111111111111116,0.4444444444444445,1.0,0.06666666666666667,0.2,1.0,0,1.0,0,0,0,0,0,1.0,0
249,0.14516129032258063,0.20370370370370372,0.3333333333333333,1.0,0.13333333333333333,0.1,1.0,0,0,1.0,0,0,0,0,1.0,0
250,0.1774193548387097,0.2407407407407407,0.6666666666666665,0.4,0.0,0.4,1.0,1.0,0,0,0,0,1.0,0,0,0
251,0.40322580645161293,0.6851851851851851,0.5555555555555556,0.4,0.13333333333333333,0.4,0,1.0,0,0,0,0,0,0,1.0,1
252,0.3064516129032258,0.2222222222222222,0.5555555555555556,1.0,0.13333333333333333,0.1,0,0,1.0,0,0,0,0,0,1.0,0
253,0.5645161290322581,0.12962962962962965,0.4444444444444445,1.0,0.06666666666666667,0.30000000000000004,0,0,1.0,0,0,0,0,0,1.0,0
254,0.0967741935483871,0.2777777777777778,0.5555555555555556,0.4,0.06666666666666667,0.30000000000000004,0,0,1.0,0,0,0,0,0,1.0,0
255,0.7258064516129032,0.35185185185185186,0.3333333333333333,1.0,0.13333333333333333,0.0,1.0,1.0,0,0,0,0,1.0,0,0,0
256,0.06451612903225806,0.09259259259259262,0.3333333333333333,1.0,0.0,0.4,0,1.0,0,0,0,0,0,0,1.0,1
257,0.06451612903225806,0.2222222222222222,0.6666666666666665,0.8,0.13333333333333333,0.4,1.0,0,0,1.0,0,0,1.0,0,0,0
258,0.3870967741935484,0.18518518518518523,0.5555555555555556,1.0,0.13333333333333333,0.1,0,0,1.0,0,0,0,1.0,0,0,2
259,0.03225806451612903,0.11111111111111116,0.5555555555555556,0.8,0.06666666666666667,0.2,0,1.0,0,0,0,0,0,0,1.0,1
260,0.41935483870967744,0.42592592592592593,0.6666666666666665,0.4,0.0,0.0,1.0,0,1.0,0,0,0,1.0,0,0,2
261,0.2741935483870968,0.16666666666666674,0.5555555555555556,0.6000000000000001,0.06666666666666667,0.1,0,0,0,1.0,0,0,0,0,1.0,0
262,0.14516129032258063,0.12962962962962965,0.3333333333333333,0.6000000000000001,0.06666666666666667,0.0,0,1.0,0,0,0,0,0,0,1.0,1
263,0.3548387096774194,0.20370370370370372,0.6666666666666665,0.4,0.06666666666666667,0.2,0,0,0,1.0,0,0,1.0,0,0,0
264,0.3225806451612903,0.462962962962963,0.4444444444444445,1.0,0.13333333333333333,0.4,0,1.0,0,0,0,0,1.0,0,0,0
265,0.3225806451612903,0.3148148148148149,0.3333333333333333,1.0,0.0,0.0,1.0,1.0,0,0,0,0,0,0,1.0,1
266,0.6935483870967742,0.462962962962963,0.6666666666666665,0.4,0.0,0.1,0,0,1.0,0,0,0,1.0,0,0,2
267,0.14516129032258063,0.07407407407407407,0.4444444444444445,0.4,0.13333333333333333,0.4,0,0,1.0,0,0,0,0,0,1.0,0
268,0.3709677419354839,0.462962962962963,0.5555555555555556,1.0,0.13333333333333333,0.2,0,0,1.0,0,0,0,1.0,0,0,2
269,0.43548387096774194,0.2222222222222222,0.5555555555555556,0.6000000000000001,0.06666666666666667,0.0,1.0,1.0,0,0,0,0,0,0,1.0,1
270,0.06451612903225806,0.018518518518518545,0.6666666666666665,0.6000000000000001,0.13333333333333333,0.2,0,0,1.0,0,0,0,0,0,1.0,0
271,0.03225806451612903,0.40740740740740744,0.3333333333333333,0.6000000000000001,0.0,0.4,1.0,0,1.0,0,0,0,1.0,0,0,2
272,0.0,0.11111111111111116,0.4444444444444445,0.4,0.06666666666666667,0.0,1.0,0,1.0,0,0,0,0,0,1.0,0
273,0.1935483870967742,0.14814814814814814,0.5555555555555556,1.0,0.13333333333333333,0.30000000000000004,1.0,1.0,0,0,0,0,0,0,1.0,1
274,0.3064516129032258,0.18518518518518523,0.5555555555555556,0.8,0.13333333333333333,0.30000000000000004,1.0,1.0,0,0,0,0,0,0,1.0,1
275,0.1774193548387097,0.14814814814814814,0.3333333333333333,0.8,0.0,0.2,0,0,1.0,0,0,0,1.0,0,0,2
276,0.3225806451612903,0.2777777777777778,0.6666666666666665,0.8,0.0,0.0,0,0,1.0,0,0,0,1.0,0,0,2
277,0.43548387096774194,0.2777777777777778,0.5555555555555556,1.0,0.0,0.2,0,1.0,0,0,0,0,1.0,0,0,0
278,0.467741935483871,0.2407407407407407,0.5555555555555556,1.0,0.13333333333333333,0.30000000000000004,1.0,1.0,0,0,0,0,0,0,1.0,1
279,0.14516129032258063,0.2962962962962963,0.5555555555555556,1.0,0.0,0.0,1.0,0,1.0,0,0,0,0,0,1.0,0
280,0.6935483870967742,0.2777777777777778,0.5555555555555556,0.8,0.13333333333333333,0.4,0,1.0,0,0,0,0,0,0,1.0,1
281,0.06451612903225806,0.35185185185185186,0.3333333333333333,0.4,0.13333333333333333,0.2,0,0,0,1.0,0,0,1.0,0,0,0
282,0.016129032258064516,0.07407407407407407,0.3333333333333333,1.0,0.13333333333333333,0.2,0,1.0,0,0,0,0,0,0,1.0,1
283,0.3064516129032258,0.11111111111111116,0.3333333333333333,0.8,0.13333333333333333,0.4,0,1.0,0,0,0,0,0,0,1.0,1
284,0.16129032258064518,0.09259259259259262,0.5555555555555556,1.0,0.06666666666666667,0.4,0,0,1.0,0,0,0,0,0,1.0,0
285,0.7903225806451613,0.2777777777777778,0.5555555555555556,0.6000000000000001,0.0,0.0,0,0,1.0,0,0,0,1.0,0,0,2
286,0.467741935483871,0.11111111111111116,0.4444444444444445,0.6000000000000001,0.13333333333333333,0.1,0,0,1.0,0,0,0,1.0,0,0,2
287,0.03225806451612903,0.6296296296296295,0.3333333333333333,1.0,0.0,0.30000000000000004,1.0,0,0,1.0,0,0,1.0,0,0,0
288,0.08064516129032258,0.11111111111111116,0.5555555555555556,1.0,0.13333333333333333,0.30000000000000004,0,1.0,0,0,0,0,0,0,1.0,1
289,0.6290322580645161,0.3148148148148149,0.3333333333333333,1.0,0.0,0.1,0,0,1.0,0,0,0,1.0,0,0,2
290,0.2741935483870968,0.2407407407407407,0.5555555555555556,0.6000000000000001,0.0,0.0,0,0,1.0,0,0,0,1.0,0,0,2
291,0.016129032258064516,0.35185185185185186,0.6666666666666665,0.6000000000000001,0.06666666666666667,0.4,1.0,1.0,0,0,0,0,0,0,1.0,1
292,0.3064516129032258,0.5185185185185185,0.3333333333333333,0.4,0.13333333333333333,0.4,0,0,0,1.0,0,0,1.0,0,0,0
293,0.14516129032258063,0.11111111111111116,0.6666666666666665,0.6000000000000001,0.06666666666666667,0.2,1.0,1.0,0,0,0,0,0,0,1.0,1
294,0.08064516129032258,0.03703703703703709,0.3333333333333333,0.6000000000000001,0.06666666666666667,0.30000000000000004,1.0,0,1.0,0,0,0,0,0,1.0,0
295,0.16129032258064518,0.2777777777777778,0.5555555555555556,0.8,0.0,0.2,0,0,1.0,0,0,0,0,0,1.0,0
296,0.40322580645161293,0.5925925925925926,0.4444444444444445,1.0,0.0,0.4,0,0,0,1.0,0,0,1.0,0,0,0
297,0.06451612903225806,0.462962962962963,0.5555555555555556,0.8,0.0,0.30000000000000004,0,0,0,1.0,0,0,1.0,0,0,0
298,0.2741935483870968,0.14814814814814814,0.5555555555555556,0.4,0.0,0.30000000000000004,1.0,0,1.0,0,0,0,0,0,1.0,0
299,0.16129032258064518,0.14814814814814814,0.5555555555555556,1.0,0.13333333333333333,0.1,1.0,0,1.0,0,0,0,0,0,1.0,0
300,0.532258064516129,0.11111111111111116,0.6666666666666665,1.0,0.0,0.0,0,1.0,0,0,0,0,0,0,1.0,1
301,0.06451612903225806,0.05555555555555558,0.5555555555555556,0.6000000000000001,0.06666666666666667,0.2,1.0,0,1.0,0,0,0,0,0,1.0,0
302,0.3548387096774194,0.12962962962962965,0.3333333333333333,0.4,0.13333333333333333,0.2,0,0,1.0,0,0,0,1.0,0,0,2
303,0.5645161290322581,0.20370370370370372,0.3333333333333333,1.0,0.0,0.4,0,0,1.0,0,0,0,0,0,1.0,0
304,0.3225806451612903,0.40740740740740744,0.3333333333333333,0.8,0.13333333333333333,0.30000000000000004,1.0,0,1.0,0,0,0,0,0,1.0,0
305,0.33870967741935487,0.37037037037037035,0.3333333333333333,0.8,0.13333333333333333,0.30000000000000004,0,0,1.0,0,0,0,1.0,0,0,2
306,0.08064516129032258,0.2407407407407407,0.4444444444444445,1.0,0.06666666666666667,0.1,0,0,1.0,0,0,0,1.0,0,0,2
307,0.532258064516129,0.6296296296296295,0.3333333333333333,0.8,0.13333333333333333,0.1,1.0,0,1.0,0,0,0,1.0,0,0,2
308,0.22580645161290325,0.35185185185185186,0.6666666666666665,0.8,0.13333333333333333,0.4,1.0,1.0,0,0,0,0,1.0,0,0,0
309,0.3064516129032258,0.2962962962962963,0.5555555555555556,0.6000000000000001,0.06666666666666667,0.2,0,0,1.0,0,0,0,1.0,0,0,2
310,0.1935483870967742,0.35185185185185186,0.5555555555555556,1.0,0.13333333333333333,0.0,0,0,1.0,0,0,0,0,0,1.0,0
311,0.08064516129032258,0.12962962962962965,0.6666666666666665,0.6000000000000001,0.06666666666666667,0.0,0,1.0,0,0,0,0,0,0,1.0,1
312,0.6290322580645161,0.40740740740740744,0.4444444444444445,0.8,0.13333333333333333,0.2,0,0,1.0,0,0,0,1.0,0,0,2
313,0.016129032258064516,0.11111111111111116,0.6666666666666665,0.8,0.13333333333333333,0.0,1.0,1.0,0,0,0,0,0,0,1.0,1
314,0.2903225806451613,0.12962962962962965,0.5555555555555556,1.0,0.13333333333333333,0.0,0,1.0,0,0,0,0,0,0,1.0,1
315,0.40322580645161293,0.16666666666666674,0.3333333333333333,0.8,0.13333333333333333,0.1,0,1.0,0,0,0,0,0,0,1.0,1
316,0.2096774193548387,0.18518518518518523,0.6666666666666665,0.4,0.0,0.4,0,0,1.0,0,0,0,0,0,1.0,0
317,0.06451612903225806,0.18518518518518523,0.5555555555555556,0.4,0.0,0.1,0,0,1.0,0,0,0,1.0,0,0,2
318,0.1774193548387097,0.2407407407407407,0.5555555555555556,0.6000000000000001,0.06666666666666667,0.1,0,1.0,0,0,0,0,0,0,1.0,1
319,0.3709677419354839,0.16666666666666674,0.5555555555555556,0.6000000000000001,0.06666666666666667,0.1,0,0,1.0,0,0,0,0,0,1.0,0
320,0.06451612903225806,0.2777777777777778,0.3333333333333333,0.6000000000000001,0.13333333333333333,0.0,1.0,0,1.0,0,0,0,0,0,1.0,0
321,0.3064516129032258,0.14814814814814814,0.5555555555555556,0.8,0.13333333333333333,0.30000000000000004,0,1.0,0,0,0,0,0,0,1.0,1
322,0.2741935483870968,0.33333333333333337,0.4444444444444445,0.6000000000000001,0.13333333333333333,0.4,1.0,1.0,0,0,0,0,1.0,0,0,0
323,0.2741935483870968,0.09259259259259262,0.4444444444444445,0.4,0.13333333333333333,0.1,0,1.0,0,0,0,0,0,0,1.0,1
324,0.24193548387096775,0.14814814814814814,0.6666666666666665,0.8,0.13333333333333333,0.1,0,1.0,0,0,0,0,0,0,1.0,1
325,0.14516129032258063,0.09259259259259262,0.5555555555555556,0.6000000000000001,0.0,0.1,0,0,1.0,0,0,0,0,0,1.0,0
326,0.06451612903225806,0.14814814814814814,0.5555555555555556,0.4,0.0,0.30000000000000004,0,0,1.0,0,0,0,0,0,1.0,0
327,0.2096774193548387,0.18518518518518523,0.3333333333333333,0.8,0.13333333333333333,0.30000000000000004,0,0,1.0,0,0,0,0,0,1.0,0
328,0.03225806451612903,0.09259259259259262,0.6666666666666665,0.6000000000000001,0.13333333333333333,0.30000000000000004,0,0,1.0,0,0,0,0,0,1.0,0
329,0.12903225806451613,0.09259259259259262,0.4444444444444445,0.4,0.0,0.2,1.0,1.0,0,0,0,0,0,0,1.0,1
330,0.3064516129032258,0.2777777777777778,0.6666666666666665,0.4,0.0,0.1,1.0,1.0,0,0,0,0,1.0,0,0,0
331,0.5967741935483871,0.16666666666666674,0.4444444444444445,0.4,0.0,0.0,1.0,1.0,0,0,0,0,0,0,1.0,1
332,0.11290322580645161,0.40740740740740744,0.4444444444444445,0.8,0.06666666666666667,0.30000000000000004,0,0,1.0,0,0,0,0,0,1.0,0
333,0.06451612903225806,0.6851851851851851,0.6666666666666665,0.8,0.0,0.2,1.0,0,0,1.0,0,0,1.0,0,0,0
334,0.2741935483870968,0.4444444444444444,0.4444444444444445,1.0,0.06666666666666667,0.4,1.0,0,1.0,0,0,0,1.0,0,0,2
335,0.3709677419354839,0.09259259259259262,0.5555555555555556,1.0,0.06666666666666667,0.1,0,0,1.0,0,0,0,0,0,1.0,0
336,0.5967741935483871,0.2407407407407407,0.3333333333333333,0.8,0.13333333333333333,0.2,1.0,0,1.0,0,0,0,0,0,1.0,0
337,0.16129032258064518,0.05555555555555558,0.4444444444444445,0.4,0.13333333333333333,0.0,0,0,0,0,1.0,0,0,0,1.0,0
338,0.40322580645161293,0.2407407407407407,0.3333333333333333,0.4,0.0,0.2,1.0,1.0,0,0,0,0,1.0,0,0,0
339,0.7903225806451613,0.03703703703703709,0.5555555555555556,0.6000000000000001,0.0,0.1,0,0,1.0,0,0,0,0,0,1.0,0
340,0.5,0.16666666666666674,0.5555555555555556,0.6000000000000001,0.06666666666666667,0.4,0,0,1.0,0,0,0,0,0,1.0,0
341,0.06451612903225806,0.20370370370370372,0.4444444444444445,1.0,0.13333333333333333,0.1,1.0,0,1.0,0,0,0,0,0,1.0,0
342,0.16129032258064518,0.35185185185185186,0.4444444444444445,0.4,0.0,0.1,1.0,1.0,0,0,0,0,1.0,0,0,0
343,0.3548387096774194,0.2592592592592593,0.5555555555555556,0.8,0.13333333333333333,0.30000000000000004,0,1.0,0,0,0,0,0,0,1.0,1
344,0.5161290322580645,0.6481481481481481,0.6666666666666665,1.0,0.0,0.2,0,0,1.0,0,0,0,1.0,0,0,2
345,0.06451612903225806,0.7407407407407407,0.6666666666666665,1.0,0.0,0.30000000000000004,0,0,1.0,0,0,0,1.0,0,0,2
346,0.0,0.05555555555555558,0.3333333333333333,0.6000000000000001,0.13333333333333333,0.1,1.0,0,1.0,0,0,0,0,0,1.0,0
347,0.467741935483871,0.35185185185185186,0.3333333333333333,0.6000000000000001,0.0,0.30000000000000004,1.0,1.0,0,0,0,0,1.0,0,0,0
348,0.016129032258064516,0.20370370370370372,0.5555555555555556,0.8,0.06666666666666667,0.30000000000000004,0,0,1.0,0,0,0,1.0,0,0,2
349,0.2741935483870968,0.2777777777777778,0.4444444444444445,0.6000000000000001,0.13333333333333333,0.30000000000000004,1.0,0,1.0,0,0,0,1.0,0,0,2
350,0.24193548387096775,0.16666666666666674,0.4444444444444445,0.4,0.13333333333333333,0.1,1.0,1.0,0,0,0,0,0,0,1.0,1
351,0.12903225806451613,0.2407407407407407,0.5555555555555556,1.0,0.06666666666666667,0.1,0,1.0,0,0,0,0,0,0,1.0,1
352,0.03225806451612903,0.6111111111111112,0.3333333333333333,1.0,0.0,0.1,1.0,0,0,1.0,0,0,0,1.0,0,0
353,0.2741935483870968,0.462962962962963,0.5555555555555556,1.0,0.0,0.4,1.0,1.0,0,0,0,0,1.0,0,0,0
354,0.03225806451612903,0.6851851851851851,0.5555555555555556,0.6000000000000001,0.06666666666666667,0.30000000000000004,1.0,0,0,1.0,0,0,1.0,0,0,0
355,0.03225806451612903,0.40740740740740744,0.4444444444444445,0.8,0.06666666666666667,0.2,1.0,0,1.0,0,0,0,1.0,0,0,2
356,0.2096774193548387,0.12962962962962965,0.4444444444444445,0.4,0.0,0.4,0,1.0,0,0,0,0,0,0,1.0,1
357,0.3225806451612903,0.16666666666666674,0.5555555555555556,1.0,0.13333333333333333,0.1,1.0,1.0,0,0,0,0,0,0,1.0,1
358,0.06451612903225806,0.18518518518518523,0.6666666666666665,0.4,0.0,0.30000000000000004,1.0,0,1.0,0,0,0,0,0,1.0,0
359,0.1935483870967742,0.14814814814814814,0.6666666666666665,0.4,0.0,0.4,0,0,1.0,0,0,0,0,0,1.0,0
360,0.06451612903225806,0.2962962962962963,0.3333333333333333,0.4,0.0,0.1,0,0,1.0,0,0,0,1.0,0,0,2
361,0.2096774193548387,0.2777777777777778,0.5555555555555556,0.6000000000000001,0.13333333333333333,0.30000000000000004,1.0,0,0,1.0,0,0,1.0,0,0,0
362,0.25806451612903225,0.12962962962962965,0.4444444444444445,0.6000000000000001,0.06666666666666667,0.30000000000000004,0,0,1.0,0,0,0,0,0,1.0,0
363,0.11290322580645161,0.07407407407407407,0.3333333333333333,0.8,0.0,0.0,1.0,0,1.0,0,0,0,0,0,1.0,0
364,0.6451612903225806,0.38888888888888884,0.6666666666666665,0.8,0.13333333333333333,0.0,0,0,0,0,0,1.0,1.0,0,0,2
365,0.11290322580645161,0.14814814814814814,0.4444444444444445,0.4,0.13333333333333333,0.2,0,1.0,0,0,0,0,0,0,1.0,1
366,0.11290322580645161,0.962962962962963,0.6666666666666665,0.6000000000000001,0.0,0.30000000000000004,1.0,0,0,1.0,0,0,1.0,0,0,0
367,0.22580645161290325,0.40740740740740744,0.4444444444444445,0.8,0.13333333333333333,0.1,1.0,0,1.0,0,0,0,1.0,0,0,2
368,0.40322580645161293,0.16666666666666674,0.3333333333333333,1.0,0.0,0.30000000000000004,1.0,1.0,0,0,0,0,1.0,0,0,0
369,0.5483870967741935,0.3148148148148149,0.3333333333333333,0.4,0.0,0.4,1.0,1.0,0,0,0,0,1.0,0,0,0
370,0.43548387096774194,0.33333333333333337,0.3333333333333333,1.0,0.0,0.0,0,0,1.0,0,0,0,1.0,0,0,2
371,0.4838709677419355,0.42592592592592593,0.3333333333333333,0.8,0.0,0.0,1.0,0,1.0,0,0,0,1.0,0,0,2
372,0.2096774193548387,0.14814814814814814,0.3333333333333333,0.4,0.0,0.1,0,0,1.0,0,0,0,0,0,1.0,0
373,0.5645161290322581,0.5555555555555556,0.6666666666666665,0.8,0.0,0.1,1.0,1.0,0,0,0,0,1.0,0,0,0
374,0.2096774193548387,0.11111111111111116,0.3333333333333333,1.0,0.0,0.1,0,1.0,0,0,0,0,0,0,1.0,1
375,0.14516129032258063,0.3148148148148149,0.5555555555555556,0.8,0.13333333333333333,0.0,1.0,1.0,0,0,0,0,0,0,1.0,1
376,0.06451612903225806,0.018518518518518545,0.4444444444444445,0.6000000000000001,0.13333333333333333,0.0,0,0,1.0,0,0,0,0,0,1.0,0
377,0.3225806451612903,0.16666666666666674,0.5555555555555556,0.4,0.13333333333333333,0.2,0,0,1.0,0,0,0,1.0,0,0,2
378,0.1774193548387097,0.07407407407407407,0.6666666666666665,0.6000000000000001,0.0,0.1,0,0,1.0,0,0,0,0,0,1.0,0
379,0.3709677419354839,0.14814814814814814,0.6666666666666665,0.6000000000000001,0.13333333333333333,0.4,1.0,1.0,0,0,0,0,0,0,1.0,1
380,0.08064516129032258,0.38888888888888884,0.3333333333333333,0.8,0.0,0.30000000000000004,0,0,0,1.0,0,0,0,1.0,0,0
381,0.22580645161290325,0.37037037037037035,0.3333333333333333,0.4,0.0,0.2,1.0,1.0,0,0,0,0,0,0,1.0,1
382,0.03225806451612903,0.5,0.3333333333333333,0.6000000000000001,0.13333333333333333,0.1,1.0,0,1.0,0,0,0,1.0,0,0,2
383,0.24193548387096775,0.14814814814814814,0.6666666666666665,0.4,0.0,0.4,0,1.0,0,0,0,0,0,0,1.0,1
384,0.3064516129032258,0.5740740740740741,0.6666666666666665,0.6000000000000001,0.0,0.4,1.0,1.0,0,0,0,0,1.0,0,0,0
385,0.1774193548387097,0.07407407407407407,0.5555555555555556,0.4,0.0,0.2,0,0,1.0,0,0,0,1.0,0,0,2
386,0.7903225806451613,0.2962962962962963,0.4444444444444445,0.8,0.0,0.1,1.0,1.0,0,0,0,0,1.0,0,0,0
387,0.5,0.11111111111111116,0.4444444444444445,0.6000000000000001,0.0,0.1,0,1.0,0,0,0,0,0,0,1.0,1
388,0.43548387096774194,0.18518518518518523,0.6666666666666665,0.4,0.13333333333333333,0.2,1.0,1.0,0,0,0,0,0,0,1.0,1
389,0.08064516129032258,0.03703703703703709,0.4444444444444445,0.4,0.13333333333333333,0.2,0,1.0,0,0,0,0,0,0,1.0,1
390,0.3064516129032258,0.3148148148148149,0.3333333333333333,1.0,0.0,0.2,0,1.0,0,0,0,0,1.0,0,0,0
391,0.3548387096774194,0.20370370370370372,0.5555555555555556,1.0,0.13333333333333333,0.1,0,1.0,0,0,0,0,1.0,0,0,0
392,0.3548387096774194,0.11111111111111116,0.6666666666666665,1.0,0.0,0.1,0,0,1.0,0,0,0,0,0,1.0,0
393,0.7580645161290323,0.37037037037037035,0.3333333333333333,0.6000000000000001,0.0,0.30000000000000004,0,0,0,1.0,0,0,1.0,0,0,0
394,0.06451612903225806,0.2592592592592593,0.6666666666666665,0.6000000000000001,0.13333333333333333,0.30000000000000004,0,0,0,1.0,0,0,1.0,0,0,0
395,0.3064516129032258,0.18518518518518523,0.4444444444444445,0.4,0.13333333333333333,0.30000000000000004,0,1.0,0,0,0,0,0,0,1.0,1
396,0.06451612903225806,0.16666666666666674,0.4444444444444445,1.0,0.06666666666666667,0.4,0,1.0,0,0,0,0,0,0,1.0,1
397,0.06451612903225806,0.5,0.4444444444444445,0.4,0.0,0.0,1.0,0,1.0,0,0,0,1.0,0,0,2
398,0.40322580645161293,0.2777777777777778,0.5555555555555556,0.8,0.0,0.1,0,1.0,0,0,0,0,0,0,1.0,1
399,0.03225806451612903,0.05555555555555558,0.4444444444444445,0.6000000000000001,0.13333333333333333,0.2,1.0,1.0,0,0,0,0,0,0,1.0,1
400,0.6935483870967742,0.14814814814814814,0.4444444444444445,1.0,0.0,0.4,0,1.0,0,0,0,0,0,0,1.0,1
401,0.3548387096774194,0.3148148148148149,0.5555555555555556,0.6000000000000001,0.06666666666666667,0.0,0,0,1.0,0,0,0,0,0,1.0,0
402,0.3064516129032258,0.3148148148148149,0.4444444444444445,0.6000000000000001,0.0,0.30000000000000004,1.0,0,1.0,0,0,0,1.0,0,0,2
403,0.7741935483870968,0.16666666666666674,0.4444444444444445,0.8,0.13333333333333333,0.0,0,0,1.0,0,0,0,1.0,0,0,2
404,0.11290322580645161,0.20370370370370372,0.5555555555555556,0.4,0.0,0.4,0,0,1.0,0,0,0,1.0,0,0,2
405,0.016129032258064516,0.5185185185185185,0.6666666666666665,0.4,0.0,0.2,0,0,0,1.0,0,0,0,0,1.0,0
406,0.25806451612903225,0.18518518518518523,0.6666666666666665,1.0,0.13333333333333333,0.2,0,1.0,0,0,0,0,0,0,1.0,1
407,0.0967741935483871,0.11111111111111116,0.3333333333333333,0.8,0.0,0.30000000000000004,1.0,1.0,0,0,0,0,0,0,1.0,1
408,0.3225806451612903,0.2222222222222222,0.3333333333333333,0.8,0.06666666666666667,0.0,0,0,1.0,0,0,0,0,0,1.0,0
409,0.12903225806451613,0.07407407407407407,0.5555555555555556,0.8,0.0,0.0,0,0,1.0,0,0,0,0,0,1.0,0
410,0.6129032258064516,0.11111111111111116,0.5555555555555556,1.0,0.13333333333333333,0.30000000000000004,0,1.0,0,0,0,0,0,0,1.0,1
411,0.16129032258064518,0.14814814814814814,0.5555555555555556,0.4,0.06666666666666667,0.2,0,1.0,0,0,0,0,0,0,1.0,1
412,0.9193548387096774,0.2777777777777778,0.5555555555555556,0.6000000000000001,0.13333333333333333,0.30000000000000004,0,1.0,0,0,0,0,1.0,0,0,0
413,0.5645161290322581,0.6296296296296295,0.3333333333333333,0.4,0.06666666666666667,0.2,1.0,0,0,1.0,0,0,1.0,0,0,0
414,0.41935483870967744,0.20370370370370372,0.3333333333333333,1.0,0.0,0.30000000000000004,0,0,1.0,0,0,0,1.0,0,0,2
415,0.08064516129032258,0.11111111111111116,0.3333333333333333,0.4,0.06666666666666667,0.1,0,1.0,0,0,0,0,0,0,1.0,1
416,0.16129032258064518,0.2962962962962963,0.5555555555555556,0.6000000000000001,0.0,0.2,1.0,0,0,1.0,0,0,1.0,0,0,0
417,0.06451612903225806,0.07407407407407407,0.6666666666666665,0.4,0.06666666666666667,0.4,0,1.0,0,0,0,0,1.0,0,0,0
418,0.11290322580645161,0.03703703703703709,0.6666666666666665,0.8,0.0,0.30000000000000004,0,1.0,0,0,0,0,0,0,1.0,1
419,0.06451612903225806,0.03703703703703709,0.4444444444444445,0.6000000000000001,0.0,0.30000000000000004,1.0,0,1.0,0,0,0,0,0,1.0,0
420,0.14516129032258063,0.20370370370370372,0.5555555555555556,0.4,0.06666666666666667,0.30000000000000004,1.0,1.0,0,0,0,0,0,0,1.0,1
421,0.03225806451612903,0.09259259259259262,0.3333333333333333,0.6000000000000001,0.0,0.30000000000000004,0,1.0,0,0,0,0,0,0,1.0,1
422,0.3064516129032258,0.11111111111111116,0.5555555555555556,1.0,0.13333333333333333,0.30000000000000004,0,1.0,0,0,0,0,0,0,1.0,1
423,0.3709677419354839,0.42592592592592593,0.5555555555555556,1.0,0.13333333333333333,0.0,1.0,1.0,0,0,0,0,0,0,1.0,1
424,0.33870967741935487,0.2407407407407407,0.6666666666666665,1.0,0.0,0.4,1.0,0,1.0,0,0,0,0,0,1.0,0
425,0.24193548387096775,0.12962962962962965,0.4444444444444445,0.8,0.0,0.2,0,1.0,0,0,0,0,0,0,1.0,1
426,0.2741935483870968,0.5925925925925926,0.4444444444444445,0.4,0.13333333333333333,0.1,0,1.0,0,0,0,0,1.0,0,0,0
427,0.3064516129032258,0.38888888888888884,0.3333333333333333,0.8,0.13333333333333333,0.1,1.0,0,0,0,1.0,0,1.0,0,0,0
428,0.2096774193548387,0.16666666666666674,0.3333333333333333,0.6000000000000001,0.13333333333333333,0.30000000000000004,0,0,0,1.0,0,0,1.0,0,0,0
429,0.5967741935483871,0.5555555555555556,0.6666666666666665,0.6000000000000001,0.13333333333333333,0.0,1.0,1.0,0,0,0,0,1.0,0,0,0
430,0.9516129032258065,0.5925925925925926,0.3333333333333333,0.8,0.13333333333333333,0.2,1.0,1.0,0,0,0,0,1.0,0,0,0
431,0.40322580645161293,0.2962962962962963,0.4444444444444445,0.8,0.13333333333333333,0.30000000000000004,1.0,0,1.0,0,0,0,0,0,1.0,0
432,0.3064516129032258,0.09259259259259262,0.3333333333333333,0.8,0.0,0.30000000000000004,0,1.0,0,0,0,0,0,0,1.0,1
433,0.11290322580645161,0.38888888888888884,0.3333333333333333,0.6000000000000001,0.0,0.2,1.0,0,1.0,0,0,0,0,0,1.0,0
434,0.04838709677419355,0.33333333333333337,0.5555555555555556,0.4,0.0,0.4,1.0,0,1.0,0,0,0,0,0,1.0,0
435,0.1935483870967742,0.33333333333333337,0.5555555555555556,1.0,0.13333333333333333,0.30000000000000004,1.0,0,0,1.0,0,0,0,0,1.0,0
436,0.06451612903225806,0.20370370370370372,0.4444444444444445,0.4,0.0,0.4,1.0,1.0,0,0,0,0,0,0,1.0,1
437,0.3548387096774194,0.37037037037037035,0.6666666666666665,0.4,0.06666666666666667,0.30000000000000004,0,0,1.0,0,0,0,1.0,0,0,2
438,0.0967741935483871,0.5,0.6666666666666665,0.8,0.13333333333333333,0.4,1.0,0,1.0,0,0,0,1.0,0,0,2
439,0.2741935483870968,0.3148148148148149,0.5555555555555556,0.8,0.13333333333333333,0.30000000000000004,0,0,1.0,0,0,0,1.0,0,0,2
440,0.11290322580645161,0.2777777777777778,0.3333333333333333,0.8,0.13333333333333333,0.30000000000000004,0,0,1.0,0,0,0,1.0,0,0,2
441,0.45161290322580644,0.09259259259259262,0.3333333333333333,0.8,0.0,0.1,0,0,1.0,0,0,0,0,0,1.0,0
442,0.3548387096774194,0.12962962962962965,0.3333333333333333,1.0,0.06666666666666667,0.4,0,1.0,0,0,0,0,0,0,1.0,1
443,0.25806451612903225,0.6481481481481481,0.3333333333333333,0.4,0.06666666666666667,0.2,0,0,0,1.0,0,0,0,1.0,0,0
444,0.3548387096774194,0.7037037037037037,0.4444444444444445,1.0,0.0,0.2,1.0,1.0,0,0,0,0,1.0,0,0,0
445,0.33870967741935487,0.3148148148148149,0.5555555555555556,0.4,0.0,0.30000000000000004,1.0,1.0,0,0,0,0,0,0,1.0,1
446,0.3548387096774194,0.20370370370370372,0.3333333333333333,0.8,0.13333333333333333,0.1,1.0,0,1.0,0,0,0,0,0,1.0,0
447,0.7903225806451613,0.3148148148148149,0.4444444444444445,1.0,0.0,0.4,1.0,0,1.0,0,0,0,1.0,0,0,2
448,0.12903225806451613,0.37037037037037035,0.5555555555555556,0.4,0.06666666666666667,0.1,0,1.0,0,0,0,0,1.0,0,0,0
449,0.6129032258064516,0.2592592592592593,0.4444444444444445,1.0,0.06666666666666667,0.4,0,0,0,1.0,0,0,0,0,1.0,0
450,0.6290322580645161,0.37037037037037035,0.5555555555555556,0.6000000000000001,0.13333333333333333,0.2,0,0,1.0,0,0,0,0,0,1.0,0
451,0.2741935483870968,0.2407407407407407,0.5555555555555556,0.6000000000000001,0.06666666666666667,0.4,1.0,0,1.0,0,0,0,1.0,0,0,2
452,0.08064516129032258,0.3148148148148149,0.5555555555555556,0.6000000000000001,0.06666666666666667,0.2,1.0,0,0,1.0,0,0,1.0,0,0,0
453,0.1774193548387097,0.20370370370370372,0.3333333333333333,0.6000000000000001,0.06666666666666667,0.4,0,0,1.0,0,0,0,1.0,0,0,2
454,0.08064516129032258,0.14814814814814814,0.4444444444444445,1.0,0.13333333333333333,0.2,0,0,1.0,0,0,0,0,0,1.0,0
455,0.06451612903225806,0.42592592592592593,0.5555555555555556,1.0,0.0,0.4,1.0,1.0,0,0,0,0,0,0,1.0,1
456,0.0967741935483871,0.2962962962962963,0.6666666666666665,1.0,0.13333333333333333,0.4,0,0,1.0,0,0,0,1.0,0,0,2
457,0.7903225806451613,0.3148148148148149,0.5555555555555556,0.6000000000000001,0.13333333333333333,0.1,0,1.0,0,0,0,0,1.0,0,0,0
458,0.3064516129032258,0.18518518518518523,0.6666666666666665,0.6000000000000001,0.13333333333333333,0.2,1.0,1.0,0,0,0,0,0,0,1.0,1
459,0.3870967741935484,0.35185185185185186,0.5555555555555556,0.4,0.0,0.0,0,0,1.0,0,0,0,1.0,0,0,2
460,0.2096774193548387,0.09259259259259262,0.6666666666666665,0.6000000000000001,0.06666666666666667,0.0,1.0,0,1.0,0,0,0,0,0,1.0,0
461,0.0967741935483871,0.12962962962962965,0.3333333333333333,0.4,0.0,0.4,0,0,1.0,0,0,0,0,0,1.0,0
462,0.12903225806451613,0.5,0.4444444444444445,0.8,0.06666666666666667,0.1,1.0,0,0,1.0,0,0,1.0,0,0,0
463,0.14516129032258063,0.40740740740740744,0.4444444444444445,0.8,0.06666666666666667,0.1,0,0,1.0,0,0,0,1.0,0,0,2
464,0.2903225806451613,0.18518518518518523,0.6666666666666665,0.6000000000000001,0.13333333333333333,0.1,1.0,0,1.0,0,0,0,1.0,0,0,2
465,0.3548387096774194,0.38888888888888884,0.3333333333333333,0.4,0.13333333333333333,0.2,0,1.0,0,0,0,0,1.0,0,0,0
466,0.5,0.33333333333333337,0.6666666666666665,1.0,0.13333333333333333,0.1,1.0,0,1.0,0,0,0,1.0,0,0,2
467,0.33870967741935487,0.2777777777777778,0.5555555555555556,0.8,0.0,0.2,0,0,1.0,0,0,0,1.0,0,0,2
468,0.40322580645161293,0.2407407407407407,0.6666666666666665,1.0,0.13333333333333333,0.1,0,1.0,0,0,0,0,1.0,0,0,0
469,0.12903225806451613,0.20370370370370372,0.3333333333333333,0.4,0.0,0.0,0,0,1.0,0,0,0,0,0,1.0,0
470,0.03225806451612903,0.40740740740740744,0.3333333333333333,1.0,0.0,0.0,0,0,1.0,0,0,0,1.0,0,0,2
471,0.40322580645161293,0.16666666666666674,0.5555555555555556,0.8,0.13333333333333333,0.0,1.0,0,1.0,0,0,0,0,0,1.0,0
472,0.25806451612903225,0.12962962962962965,0.5555555555555556,0.4,0.06666666666666667,0.4,0,0,1.0,0,0,0,0,0,1.0,0
473,0.11290322580645161,0.12962962962962965,0.3333333333333333,0.6000000000000001,0.0,0.1,0,1.0,0,0,0,0,1.0,0,0,0
474,0.06451612903225806,0.37037037037037035,0.6666666666666665,0.6000000000000001,0.0,0.30000000000000004,1.0,1.0,0,0,0,0,1.0,0,0,0
475,0.3064516129032258,0.4814814814814815,0.4444444444444445,0.6000000000000001,0.13333333333333333,0.30000000000000004,0,0,0,1.0,0,0,0,0,1.0,0
476,0.016129032258064516,0.03703703703703709,0.3333333333333333,0.4,0.06666666666666667,0.2,1.0,0,1.0,0,0,0,0,0,1.0,0
477,0.3870967741935484,0.5185185185185185,0.3333333333333333,0.8,0.06666666666666667,0.0,0,1.0,0,0,0,0,1.0,0,0,0
478,0.016129032258064516,0.3148148148148149,0.5555555555555556,0.8,0.13333333333333333,0.2,1.0,1.0,0,0,0,0,1.0,0,0,0
479,0.03225806451612903,0.3148148148148149,0.4444444444444445,0.8,0.0,0.4,0,0,1.0,0,0,0,1.0,0,0,2
480,0.12903225806451613,0.2592592592592593,0.5555555555555556,0.6000000000000001,0.06666666666666667,0.0,0,0,1.0,0,0,0,1.0,0,0,2
481,0.3548387096774194,0.462962962962963,0.5555555555555556,0.4,0.13333333333333333,0.4,0,0,0,0,0,1.0,0,0,1.0,0
482,0.1935483870967742,0.2222222222222222,0.5555555555555556,0.6000000000000001,0.0,0.0,0,1.0,0,0,0,0,1.0,0,0,0
483,0.03225806451612903,0.5925925925925926,0.5555555555555556,1.0,0.06666666666666667,0.0,1.0,0,0,0,0,1.0,1.0,0,0,0
484,0.24193548387096775,0.2592592592592593,0.4444444444444445,0.4,0.0,0.2,1.0,1.0,0,0,0,0,0,0,1.0,1
485,0.7903225806451613,0.40740740740740744,0.5555555555555556,1.0,0.13333333333333333,0.30000000000000004,0,0,1.0,0,0,0,0,0,1.0,0
486,0.2741935483870968,0.12962962962962965,0.5555555555555556,0.6000000000000001,0.13333333333333333,0.0,0,0,1.0,0,0,0,0,0,1.0,0
487,0.11290322580645161,0.16666666666666674,0.6666666666666665,0.4,0.0,0.30000000000000004,0,0,1.0,0,0,0,1.0,0,0,2
488,0.1774193548387097,0.09259259259259262,0.3333333333333333,0.8,0.13333333333333333,0.1,1.0,1.0,0,0,0,0,0,0,1.0,1
489,0.1935483870967742,0.18518518518518523,0.5555555555555556,0.4,0.13333333333333333,0.2,1.0,0,1.0,0,0,0,1.0,0,0,2
490,0.1774193548387097,0.2592592592592593,0.5555555555555556,0.4,0.0,0.2,0,0,1.0,0,0,0,0,0,1.0,0
491,0.5645161290322581,0.12962962962962965,0.5555555555555556,0.4,0.06666666666666667,0.30000000000000004,1.0,1.0,0,0,0,0,0,0,1.0,1
492,0.06451612903225806,0.03703703703703709,0.4444444444444445,0.6000000000000001,0.06666666666666667,0.4,1.0,0,1.0,0,0,0,0,0,1.0,0
493,0.016129032258064516,0.03703703703703709,0.4444444444444445,0.4,0.13333333333333333,0.30000000000000004,0,0,1.0,0,0,0,0,0,1.0,0
494,0.14516129032258063,0.6481481481481481,0.3333333333333333,0.8,0.13333333333333333,0.2,1.0,0,0,1.0,0,0,1.0,0,0,0
495,0.0967741935483871,0.20370370370370372,0.6666666666666665,0.8,0.0,0.30000000000000004,1.0,0,0,1.0,0,0,1.0,0,0,0
496,0.06451612903225806,0.4814814814814815,0.3333333333333333,0.4,0.13333333333333333,0.30000000000000004,1.0,0,1.0,0,0,0,1.0,0,0,2
497,0.0,0.018518518518518545,0.6666666666666665,0.8,0.0,0.2,0,0,1.0,0,0,0,0,0,1.0,0
498,0.45161290322580644,0.2407407407407407,0.6666666666666665,0.4,0.0,0.0,0,1.0,0,0,0,0,1.0,0,0,0
499,0.03225806451612903,0.18518518518518523,0.5555555555555556,0.8,0.0,0.4,0,1.0,0,0,0,0,1.0,0,0,0
500,0.6451612903225806,0.11111111111111116,0.3333333333333333,0.6000000000000001,0.13333333333333333,0.2,0,0,1.0,0,0,0,0,0,1.0,0
501,0.5645161290322581,0.12962962962962965,0.6666666666666665,1.0,0.0,0.0,1.0,1.0,0,0,0,0,0,0,1.0,1
502,0.2096774193548387,0.38888888888888884,0.5555555555555556,0.6000000000000001,0.0,0.2,0,0,1.0,0,0,0,1.0,0,0,2
503,0.3225806451612903,0.20370370370370372,0.6666666666666665,0.6000000000000001,0.13333333333333333,0.4,0,1.0,0,0,0,0,0,0,1.0,1
504,0.33870967741935487,0.11111111111111116,0.4444444444444445,0.8,0.06666666666666667,0.0,0,0,1.0,0,0,0,0,0,1.0,0
505,0.016129032258064516,0.11111111111111116,0.3333333333333333,0.4,0.13333333333333333,0.30000000000000004,1.0,0,1.0,0,0,0,0,0,1.0,0
506,0.9838709677419355,0.4444444444444444,0.4444444444444445,0.4,0.06666666666666667,0.30000000000000004,0,0,1.0,0,0,0,1.0,0,0,2
507,0.5645161290322581,0.09259259259259262,0.3333333333333333,0.6000000000000001,0.0,0.1,1.0,1.0,0,0,0,0,0,0,1.0,1
508,0.016129032258064516,0.0,0.5555555555555556,0.6000000000000001,0.13333333333333333,0.4,0,0,1.0,0,0,0,0,0,1.0,0
509,0.06451612903225806,0.03703703703703709,0.3333333333333333,0.6000000000000001,0.0,0.0,1.0,0,1.0,0,0,0,0,0,1.0,0
510,0.06451612903225806,0.16666666666666674,0.3333333333333333,0.6000000000000001,0.13333333333333333,0.2,1.0,0,1.0,0,0,0,0,1.0,0,0
511,0.0,0.462962962962963,0.3333333333333333,0.6000000000000001,0.13333333333333333,0.2,1.0,0,1.0,0,0,0,0,0,1.0,0
512,0.14516129032258063,0.537037037037037,0.5555555555555556,0.6000000000000001,0.0,0.30000000000000004,0,0,0,1.0,0,0,1.0,0,0,0
513,0.06451612903225806,0.09259259259259262,0.5555555555555556,0.8,0.0,0.30000000000000004,1.0,1.0,0,0,0,0,0,0,1.0,1
514,0.08064516129032258,0.07407407407407407,0.3333333333333333,1.0,0.06666666666666667,0.30000000000000004,1.0,0,1.0,0,0,0,0,0,1.0,0
515,0.6935483870967742,0.2592592592592593,0.3333333333333333,0.8,0.06666666666666667,0.0,0,1.0,0,0,0,0,0,0,1.0,1
516,0.1774193548387097,0.42592592592592593,0.6666666666666665,0.6000000000000001,0.06666666666666667,0.4,1.0,0,1.0,0,0,0,1.0,0,0,2
517,0.06451612903225806,0.5740740740740741,0.6666666666666665,0.8,0.06666666666666667,0.30000000000000004,0,1.0,0,0,0,0,0,0,1.0,1
518,0.16129032258064518,0.35185185185185186,0.3333333333333333,0.8,0.06666666666666667,0.0,0,0,1.0,0,0,0,1.0,0,0,2
519,0.3064516129032258,0.3148148148148149,0.6666666666666665,0.4,0.0,0.30000000000000004,0,1.0,0,0,0,0,0,0,1.0,1
520,0.22580645161290325,0.12962962962962965,0.6666666666666665,1.0,0.13333333333333333,0.2,0,1.0,0,0,0,0,0,0,1.0,1
521,0.03225806451612903,0.2777777777777778,0.4444444444444445,1.0,0.06666666666666667,0.2,0,0,1.0,0,0,0,1.0,0,0,2
522,0.14516129032258063,0.05555555555555558,0.4444444444444445,0.4,0.06666666666666667,0.0,0,1.0,0,0,0,0,0,0,1.0,1
523,0.5645161290322581,0.2407407407407407,0.5555555555555556,0.6000000000000001,0.06666666666666667,0.2,0,1.0,0,0,0,0,1.0,0,0,0
524,0.6129032258064516,0.18518518518518523,0.6666666666666665,1.0,0.0,0.4,0,1.0,0,0,0,0,0,0,1.0,1
525,0.33870967741935487,0.37037037037037035,0.6666666666666665,0.4,0.06666666666666667,0.4,0,1.0,0,0,0,0,1.0,0,0,0
526,0.24193548387096775,0.07407407407407407,0.3333333333333333,1.0,0.13333333333333333,0.4,0,0,1.0,0,0,0,0,0,1.0,0
527,0.3548387096774194,0.12962962962962965,0.3333333333333333,0.6000000000000001,0.0,0.4,0,1.0,0,0,0,0,0,0,1.0,1
528,0.1774193548387097,0.11111111111111116,0.6666666666666665,1.0,0.13333333333333333,0.30000000000000004,1.0,1.0,0,0,0,0,0,0,1.0,1
529,0.14516129032258063,0.5740740740740741,0.6666666666666665,1.0,0.13333333333333333,0.30000000000000004,1.0,0,0,1.0,0,0,1.0,0,0,0
530,0.2903225806451613,0.37037037037037035,0.6666666666666665,0.4,0.06666666666666667,0.1,0,1.0,0,0,0,0,0,0,1.0,1
531,0.06451612903225806,0.6481481481481481,0.6666666666666665,0.6000000000000001,0.13333333333333333,0.1,1.0,1.0,0,0,0,0,1.0,0,0,0
532,0.3709677419354839,0.38888888888888884,0.6666666666666665,0.8,0.06666666666666667,0.30000000000000004,0,1.0,0,0,0,0,1.0,0,0,0
533,0.04838709677419355,0.05555555555555558,0.4444444444444445,0.4,0.13333333333333333,0.0,0,0,1.0,0,0,0,0,0,1.0,0
534,1.0,0.4814814814814815,0.3333333333333333,1.0,0.0,0.4,0,0,1.0,0,0,0,1.0,0,0,2
535,0.24193548387096775,0.2222222222222222,0.3333333333333333,1.0,0.0,0.4,0,1.0,0,0,0,0,1.0,0,0,0
536,0.16129032258064518,0.20370370370370372,0.6666666666666665,0.8,0.06666666666666667,0.4,0,0,1.0,0,0,0,0,0,1.0,0
537,0.016129032258064516,0.14814814814814814,0.5555555555555556,1.0,0.06666666666666667,0.2,1.0,0,1.0,0,0,0,0,0,1.0,0
538,0.3225806451612903,0.5925925925925926,0.6666666666666665,1.0,0.13333333333333333,0.30000000000000004,0,0,0,1.0,0,0,1.0,0,0,0
539,0.41935483870967744,0.2407407407407407,0.5555555555555556,0.6000000000000001,0.06666666666666667,0.0,1.0,1.0,0,0,0,0,0,0,1.0,1
540,0.5645161290322581,0.5740740740740741,0.6666666666666665,1.0,0.0,0.2,0,0,1.0,0,0,0,0,0,1.0,0
541,0.08064516129032258,0.38888888888888884,0.6666666666666665,0.6000000000000001,0.0,0.1,0,0,1.0,0,0,0,1.0,0,0,2
542,0.5645161290322581,0.3148148148148149,0.4444444444444445,0.8,0.06666666666666667,0.0,1.0,0,1.0,0,0,0,0,0,1.0,0
543,0.6129032258064516,0.4444444444444444,0.6666666666666665,0.8,0.0,0.0,0,1.0,0,0,0,0,0,0,1.0,1
544,0.3870967741935484,0.2592592592592593,0.5555555555555556,1.0,0.0,0.1,0,0,0,1.0,0,0,0,0,1.0,0
545,0.12903225806451613,0.05555555555555558,0.5555555555555556,1.0,0.0,0.1,0,1.0,0,0,0,0,0,0,1.0,1
546,0.5645161290322581,0.12962962962962965,0.6666666666666665,0.6000000000000001,0.06666666666666667,0.1,1.0,1.0,0,0,0,0,0,0,1.0,1
547,0.06451612903225806,0.09259259259259262,0.5555555555555556,1.0,0.06666666666666667,0.0,1.0,0,0,1.0,0,0,0,0,1.0,0
548,0.41935483870967744,0.35185185185185186,0.5555555555555556,0.8,0.06666666666666667,0.0,0,1.0,0,0,0,0,1.0,0,0,0
549,0.3064516129032258,0.14814814814814814,0.3333333333333333,0.4,0.06666666666666667,0.1,0,1.0,0,0,0,0,0,0,1.0,1
550,0.06451612903225806,0.03703703703703709,0.6666666666666665,0.4,0.0,0.4,0,0,1.0,0,0,0,0,0,1.0,0
551,0.5483870967741935,0.2222222222222222,0.6666666666666665,0.8,0.0,0.2,1.0,1.0,0,0,0,0,0,0,1.0,1
552,0.24193548387096775,0.7222222222222223,0.6666666666666665,0.4,0.13333333333333333,0.30000000000000004,0,0,1.0,0,0,0,0,0,1.0,0
553,0.11290322580645161,0.5185185185185185,0.3333333333333333,0.6000000000000001,0.13333333333333333,0.0,0,0,0,1.0,0,0,1.0,0,0,0
554,0.45161290322580644,0.5925925925925926,0.4444444444444445,0.6000000000000001,0.0,0.4,1.0,1.0,0,0,0,0,1.0,0,0,0
555,0.41935483870967744,0.12962962962962965,0.5555555555555556,0.6000000000000001,0.06666666666666667,0.1,0,1.0,0,0,0,0,0,0,1.0,1
556,0.11290322580645161,0.18518518518518523,0.4444444444444445,0.6000000000000001,0.0,0.4,1.0,1.0,0,0,0,0,0,0,1.0,1
557,0.06451612903225806,0.2777777777777778,0.6666666666666665,1.0,0.0,0.30000000000000004,1.0,0,1.0,0,0,0,0,0,1.0,0
558,0.03225806451612903,0.2592592592592593,0.3333333333333333,0.6000000000000001,0.0,0.0,1.0,0,1.0,0,0,0,1.0,0,0,2
559,0.03225806451612903,0.12962962962962965,0.3333333333333333,1.0,0.13333333333333333,0.1,1.0,0,1.0,0,0,0,0,0,1.0,0
560,0.12903225806451613,0.2222222222222222,0.5555555555555556,1.0,0.06666666666666667,0.4,1.0,0,1.0,0,0,0,0,0,1.0,0
561,0.24193548387096775,0.09259259259259262,0.5555555555555556,1.0,0.06666666666666667,0.0,1.0,1.0,0,0,0,0,0,0,1.0,1
562,0.11290322580645161,0.5925925925925926,0.5555555555555556,0.4,0.0,0.0,0,0,0,1.0,0,0,0,0,1.0,0
563,0.06451612903225806,0.38888888888888884,0.5555555555555556,0.8,0.06666666666666667,0.30000000000000004,1.0,0,1.0,0,0,0,0,0,1.0,0
564,0.016129032258064516,0.07407407407407407,0.6666666666666665,0.8,0.0,0.4,0,1.0,0,0,0,0,0,0,1.0,1
565,0.33870967741935487,0.40740740740740744,0.6666666666666665,0.6000000000000001,0.0,0.2,1.0,1.0,0,0,0,0,1.0,0,0,0
566,0.3225806451612903,0.07407407407407407,0.3333333333333333,0.6000000000000001,0.0,0.4,1.0,0,0,1.0,0,0,0,0,1.0,0
567,0.1935483870967742,0.14814814814814814,0.3333333333333333,0.6000000000000001,0.06666666666666667,0.0,0,0,1.0,0,0,0,0,0,1.0,0
568,0.40322580645161293,0.18518518518518523,0.3333333333333333,1.0,0.0,0.2,0,0,1.0,0,0,0,1.0,0,0,2
569,0.3548387096774194,0.16666666666666674,0.5555555555555556,0.4,0.13333333333333333,0.30000000000000004,0,1.0,0,0,0,0,1.0,0,0,0
570,0.24193548387096775,0.2407407407407407,0.4444444444444445,0.4,0.06666666666666667,0.4,1.0,1.0,0,0,0,0,0,0,1.0,1
571,0.06451612903225806,0.2592592592592593,0.4444444444444445,0.8,0.13333333333333333,0.1,1.0,1.0,0,0,0,0,1.0,0,0,0
572,0.11290322580645161,0.20370370370370372,0.3333333333333333,1.0,0.06666666666666667,0.1,1.0,0,1.0,0,0,0,1.0,0,0,2
573,0.16129032258064518,0.462962962962963,0.3333333333333333,0.4,0.06666666666666667,0.4,1.0,0,0,1.0,0,0,0,0,1.0,0
574,0.3064516129032258,0.40740740740740744,0.6666666666666665,0.8,0.13333333333333333,0.2,1.0,1.0,0,0,0,0,1.0,0,0,0
575,0.5645161290322581,0.14814814814814814,0.5555555555555556,0.8,0.13333333333333333,0.0,1.0,0,1.0,0,0,0,0,0,1.0,0
576,0.3225806451612903,0.18518518518518523,0.6666666666666665,1.0,0.13333333333333333,0.1,0,0,0,1.0,0,0,0,0,1.0,0
577,0.11290322580645161,0.05555555555555558,0.4444444444444445,0.8,0.06666666666666667,0.2,0,0,1.0,0,0,0,0,0,1.0,0
578,0.467741935483871,0.2777777777777778,0.5555555555555556,0.4,0.13333333333333333,0.0,0,0,1.0,0,0,0,1.0,0,0,2
579,0.4838709677419355,0.40740740740740744,0.6666666666666665,1.0,0.0,0.0,0,0,1.0,0,0,0,1.0,0,0,2
580,0.03225806451612903,0.7037037037037037,0.4444444444444445,0.8,0.0,0.2,1.0,0,0,1.0,0,0,1.0,0,0,0
581,0.25806451612903225,0.5925925925925926,0.6666666666666665,0.8,0.0,0.1,1.0,1.0,0,0,0,0,1.0,0,0,0
582,0.2096774193548387,0.12962962962962965,0.5555555555555556,0.6000000000000001,0.13333333333333333,0.30000000000000004,0,0,1.0,0,0,0,0,0,1.0,0
583,0.2741935483870968,0.18518518518518523,0.6666666666666665,0.6000000000000001,0.0,0.2,0,0,1.0,0,0,0,0,0,1.0,0
584,0.06451612903225806,0.2407407407407407,0.4444444444444445,0.4,0.13333333333333333,0.30000000000000004,1.0,1.0,0,0,0,0,0,0,1.0,1
585,0.06451612903225806,0.2777777777777778,0.4444444444444445,0.6000000000000001,0.06666666666666667,0.30000000000000004,0,0,1.0,0,0,0,1.0,0,0,2
586,0.16129032258064518,0.05555555555555558,0.5555555555555556,0.6000000000000001,0.06666666666666667,0.0,0,1.0,0,0,0,0,0,0,1.0,1
587,0.7096774193548387,0.2777777777777778,0.3333333333333333,0.8,0.06666666666666667,0.0,0,0,0,1.0,0,0,1.0,0,0,0
588,0.3064516129032258,0.2407407407407407,0.3333333333333333,0.6000000000000001,0.13333333333333333,0.0,0,0,1.0,0,0,0,1.0,0,0,2
589,0.33870967741935487,0.40740740740740744,0.6666666666666665,0.4,0.06666666666666667,0.0,1.0,1.0,0,0,0,0,0,0,1.0,1
590,0.5645161290322581,0.14814814814814814,0.6666666666666665,0.8,0.06666666666666667,0.30000000000000004,0,1.0,0,0,0,0,0,0,1.0,1
591,0.06451612903225806,0.2962962962962963,0.8888888888888888,0.2,0.9333333333333333,0.1,1.0,0,1.0,0,0,0,1.0,0,0,2
592,0.04838709677419355,0.03703703703703709,0.8888888888888888,0.2,0.7333333333333333,0.0,1.0,0,1.0,0,0,0,0,0,1.0,0
593,0.2903225806451613,0.2962962962962963,0.7777777777777777,0.2,0.4666666666666667,0.1,0,0,1.0,0,0,0,1.0,0,0,2
594,0.22580645161290325,0.2222222222222222,0.8888888888888888,0.2,0.6666666666666666,0.1,1.0,1.0,0,0,0,0,0,0,1.0,1
595,0.3064516129032258,0.2962962962962963,1.0,0.2,0.7333333333333333,0.2,0,1.0,0,0,0,0,1.0,0,0,0
596,0.41935483870967744,0.6481481481481481,0.7777777777777777,0.0,0.8666666666666667,0.0,0,0,1.0,0,0,0,1.0,0,0,2
597,0.08064516129032258,0.07407407407407407,0.6666666666666665,0.0,0.8666666666666667,0.2,1.0,1.0,0,0,0,0,0,0,1.0,1
598,0.3064516129032258,0.33333333333333337,0.6666666666666665,0.0,0.8666666666666667,0.0,0,0,1.0,0,0,0,1.0,0,0,2
599,0.22580645161290325,0.33333333333333337,1.0,0.0,1.0,0.1,0,0,1.0,0,0,0,1.0,0,0,2
600,0.2741935483870968,0.12962962962962965,0.8888888888888888,0.2,0.8,0.2,0,0,1.0,0,0,0,0,0,1.0,0
601,0.12903225806451613,0.11111111111111116,1.0,0.2,1.0,0.2,0,1.0,0,0,0,0,0,0,1.0,1
602,0.5645161290322581,0.2962962962962963,1.0,0.0,0.4666666666666667,0.0,0,0,1.0,0,0,0,1.0,0,0,2
603,0.12903225806451613,0.05555555555555558,0.6666666666666665,0.0,0.7333333333333333,0.0,0,1.0,0,0,0,0,0,0,1.0,1
604,0.016129032258064516,0.05555555555555558,0.7777777777777777,0.2,0.4,0.1,0,0,1.0,0,0,0,0,0,1.0,0
605,0.0967741935483871,0.462962962962963,0.8888888888888888,0.2,0.6666666666666666,0.2,1.0,1.0,0,0,0,0,1.0,0,0,0
606,0.3548387096774194,0.33333333333333337,1.0,0.0,0.8,0.1,1.0,1.0,0,0,0,0,1.0,0,0,0
607,0.03225806451612903,0.5,0.8888888888888888,0.2,1.0,0.0,1.0,0,0,1.0,0,0,1.0,0,0,0
608,0.3064516129032258,0.4444444444444444,0.7777777777777777,0.0,0.4666666666666667,0.2,0,0,0,1.0,0,0,0,1.0,0,0
609,0.14516129032258063,0.5185185185185185,1.0,0.0,0.8666666666666667,0.0,1.0,0,0,1.0,0,0,0,0,1.0,0
610,0.06451612903225806,0.03703703703703709,0.7777777777777777,0.0,1.0,0.0,0,0,1.0,0,0,0,0,0,1.0,0
611,0.016129032258064516,0.07407407407407407,0.6666666666666665,0.2,0.4666666666666667,0.0,0,0,0,1.0,0,0,1.0,0,0,0
612,0.3225806451612903,0.4814814814814815,0.6666666666666665,0.2,0.6666666666666666,0.1,0,0,1.0,0,0,0,1.0,0,0,2
613,0.16129032258064518,0.6481481481481481,0.7777777777777777,0.0,0.5333333333333333,0.1,1.0,0,0,1.0,0,0,1.0,0,0,0
614,0.016129032258064516,0.42592592592592593,1.0,0.2,0.4666666666666667,0.2,0,0,0,1.0,0,0,1.0,0,0,0
615,0.06451612903225806,0.5185185185185185,1.0,0.2,0.5333333333333333,0.0,0,0,0,1.0,0,0,1.0,0,0,0
616,0.06451612903225806,0.37037037037037035,0.8888888888888888,0.2,0.7333333333333333,0.0,1.0,0,1.0,0,0,0,1.0,0,0,2
617,0.6290322580645161,0.35185185185185186,0.7777777777777777,0.2,0.4666666666666667,0.1,0,1.0,0,0,0,0,0,0,1.0,1
618,0.25806451612903225,0.18518518518518523,0.6666666666666665,0.2,1.0,0.2,1.0,0,1.0,0,0,0,0,0,1.0,0
619,0.43548387096774194,0.38888888888888884,0.7777777777777777,0.2,1.0,0.2,1.0,0,1.0,0,0,0,1.0,0,0,2
620,0.1935483870967742,0.12962962962962965,1.0,0.0,0.6666666666666666,0.2,0,0,0,1.0,0,0,1.0,0,0,0
621,0.3225806451612903,0.20370370370370372,1.0,0.2,0.6,0.2,0,0,1.0,0,0,0,0,0,1.0,0
622,0.5806451612903226,0.12962962962962965,0.8888888888888888,0.0,0.5333333333333333,0.2,1.0,0,1.0,0,0,0,0,0,1.0,0
623,0.03225806451612903,0.18518518518518523,1.0,0.2,1.0,0.1,0,0,1.0,0,0,0,1.0,0,0,2
624,0.22580645161290325,0.33333333333333337,1.0,0.0,1.0,0.0,1.0,0,0,1.0,0,0,0,0,1.0,0
625,0.08064516129032258,0.18518518518518523,0.6666666666666665,0.0,0.5333333333333333,0.1,1.0,0,0,1.0,0,0,1.0,0,0,0
626,0.11290322580645161,0.05555555555555558,0.8888888888888888,0.0,0.6,0.2,0,0,1.0,0,0,0,0,0,1.0,0
627,0.43548387096774194,0.42592592592592593,0.7777777777777777,0.2,0.4666666666666667,0.0,0,0,1.0,0,0,0,1.0,0,0,2
628,0.016129032258064516,0.462962962962963,1.0,0.2,0.5333333333333333,0.1,0,0,1.0,0,0,0,0,0,1.0,0
629,0.41935483870967744,0.20370370370370372,1.0,0.2,0.8,0.2,1.0,1.0,0,0,0,0,0,0,1.0,1
630,0.3709677419354839,0.09259259259259262,0.8888888888888888,0.2,0.8,0.2,0,0,1.0,0,0,0,0,0,1.0,0
631,0.016129032258064516,0.018518518518518545,0.7777777777777777,0.2,0.5333333333333333,0.0,0,1.0,0,0,0,0,0,0,1.0,1
632,0.7096774193548387,0.38888888888888884,1.0,0.0,1.0,0.1,0,1.0,0,0,0,0,1.0,0,0,0
633,0.0,0.2222222222222222,1.0,0.2,0.6,0.1,1.0,0,1.0,0,0,0,0,0,1.0,0
634,0.43548387096774194,0.33333333333333337,1.0,0.2,0.6666666666666666,0.0,1.0,0,1.0,0,0,0,1.0,0,0,2
635,0.45161290322580644,0.11111111111111116,1.0,0.2,0.8666666666666667,0.2,0,0,0,1.0,0,0,0,0,1.0,0
636,0.2903225806451613,0.12962962962962965,0.7777777777777777,0.2,0.6,0.1,0,1.0,0,0,0,0,0,0,1.0,1
637,0.11290322580645161,0.03703703703703709,1.0,0.2,1.0,0.0,0,1.0,0,0,0,0,0,0,1.0,1
638,0.43548387096774194,0.12962962962962965,0.8888888888888888,0.0,0.8,0.2,0,0,1.0,0,0,0,0,0,1.0,0
